UF,algorithm,SRat_%,ATOC_C,peak_C,NEC,CSO_us_per_slot
0.5,Baseline,100,33.319,79.689,0.3082,0.126389
0.5,CETAS,100,34.727,70.046,0.1021,0.126389
0.6,Baseline,100,35.893,82.294,0.3656,0.125802
0.6,CETAS,100,38.129,77.088,0.1543,0.125802
0.7,Baseline,100,38.759,84.317,0.43,0.127018
0.7,CETAS,100,41.405,81.604,0.2066,0.127018
0.8,Baseline,94,43.183,85.12,0.4993,0.129283
0.8,CETAS,94,46.724,84.487,0.2921,0.129283
0.9,Baseline,88,48.097,86.754,0.5689,0.133525
0.9,CETAS,88,51.281,86.44,0.3774,0.133525
1,Baseline,90,54.163,87.162,0.6604,0.136799
1,CETAS,90,57.226,86.994,0.4947,0.136799
