1/t,1/e,1/p,1/timeShare,1/frequencyToRun,1/processor,1/timeWindow,1/startTime,1/endTime,1/newShare,2/t,2/e,2/p,2/timeShare,2/frequencyToRun,2/processor,2/timeWindow,2/startTime,2/endTime,2/newShare,3/t,3/e,3/p,3/timeShare,3/frequencyToRun,3/processor,3/timeWindow,3/startTime,3/endTime,3/newShare
8,1007,4908,1007,0.86,1,4908,0,1170,1170,19,1203,5840,191,0.86,1,932,0,222,222,14,1007,5989,24,0.86,1,149,0,27,27
19,1203,5840,1012,0.86,1,4908,1171,2346,1176,14,1007,5989,157,0.86,1,932,223,404,182,1,1007,6284,24,0.86,1,149,28,54,27
14,1007,5989,826,0.86,1,4908,2347,3306,960,1,1007,6284,150,0.86,1,932,405,578,174,6,1203,7388,25,0.86,1,149,55,83,29
1,1007,6284,787,0.86,1,4908,3307,4221,915,6,1203,7388,152,0.86,1,932,579,754,176,13,1203,9192,20,0.86,1,149,84,106,23
6,1203,7388,800,0.86,1,4908,4222,4908,930,13,1203,9192,122,0.86,1,932,755,895,141,8,1007,4908,31,0.86,1,149,107,142,36
6,1203,7388,800,0.86,2,4908,0,243,930,8,1007,4908,192,0.86,1,932,896,932,223,19,1203,5840,31,0.86,1,149,143,149,36
13,1203,9192,643,0.86,2,4908,244,990,747,8,1007,4908,192,0.86,2,932,0,186,223,19,1203,5840,31,0.86,2,149,0,29,36
7,3824,20178,931,0.86,2,4908,991,2072,1082,7,3824,20178,177,0.86,2,932,187,391,205,7,3824,20178,29,0.86,2,149,30,62,33
3,4090,22860,879,0.86,2,4908,2073,3094,1022,3,4090,22860,167,0.86,2,932,392,585,194,3,4090,22860,27,0.86,2,149,63,93,31
0,3824,23185,810,0.86,2,4908,3095,4035,941,0,3824,23185,154,0.86,2,932,586,764,179,0,3824,23185,25,0.86,2,149,94,122,29
5,4535,27097,822,0.86,2,4908,4036,4908,955,5,4535,27097,156,0.86,2,932,765,932,181,5,4535,27097,25,0.86,2,149,123,149,29
5,4535,27097,822,0.86,3,4908,0,82,955,5,4535,27097,156,0.86,3,932,0,13,181,5,4535,27097,25,0.86,3,149,0,2,29
18,4535,28206,790,0.86,3,4908,83,1000,918,18,4535,28206,150,0.86,3,932,14,187,174,18,4535,28206,24,0.86,3,149,3,29,27
16,4090,28710,700,0.86,3,4908,1001,1813,813,16,4090,28710,133,0.86,3,932,188,341,154,16,4090,28710,22,0.86,3,149,30,54,25
15,6455,29342,1080,0.86,3,4908,1814,3068,1255,15,6455,29342,206,0.86,3,932,342,580,239,15,6455,29342,33,0.86,3,149,55,92,38
10,4090,29363,684,0.86,3,4908,3069,3863,795,10,4090,29363,130,0.86,3,932,581,731,151,10,4090,29363,21,0.86,3,149,93,116,24
9,6455,31376,1010,0.86,3,4908,3864,4908,1174,9,6455,31376,192,0.86,3,932,732,932,223,9,6455,31376,31,0.86,3,149,117,149,36
9,6455,31376,1010,0.86,4,4908,0,129,1174,9,6455,31376,192,0.86,4,932,0,22,223,9,6455,31376,31,0.86,4,149,0,3,36
17,6156,34033,888,0.86,4,4908,130,1161,1032,17,6156,34033,169,0.86,4,932,23,218,196,17,6156,34033,27,0.86,4,149,4,34,31
12,4535,35571,626,0.86,4,4908,1162,1888,727,12,4535,35571,119,0.86,4,932,219,356,138,12,4535,35571,19,0.86,4,149,35,56,22
11,6156,36004,840,0.86,4,4908,1889,2864,976,11,6156,36004,160,0.86,4,932,357,542,186,11,6156,36004,26,0.86,4,149,57,86,30
2,6455,36036,880,0.86,4,4908,2865,3887,1023,2,6455,36036,167,0.86,4,932,543,736,194,2,6455,36036,27,0.86,4,149,87,117,31
4,6156,44208,684,0.86,4,4908,3888,4682,795,4,6156,44208,130,0.86,4,932,737,887,151,4,6156,44208,21,0.86,4,149,118,141,24
