uf,case,mode,frames,SRat_%,ATOC_C,PeakTemp_C,NEC,CSO_us_per_slot
0.5,case_00.json,"none (no TA, no EA)",120,100.00000,28.01290,81.96084,1.00000,0.12576
0.5,case_00.json,"TA only",120,100.00000,28.00562,78.26890,1.00000,0.12576
0.5,case_00.json,"EA only",120,100.00000,34.14708,70.93829,0.30789,0.12576
0.5,case_00.json,"ETA-HP (TA+EA)",120,100.00000,34.09205,70.93829,0.30789,0.12576
0.5,case_01.json,"none (no TA, no EA)",120,100.00000,30.45637,91.55345,1.00000,0.12576
0.5,case_01.json,"TA only",120,100.00000,30.24793,85.84973,1.00000,0.12576
0.5,case_01.json,"EA only",120,100.00000,38.62008,85.30689,0.42438,0.12576
0.5,case_01.json,"ETA-HP (TA+EA)",120,100.00000,38.13548,81.20733,0.42438,0.12576
0.5,case_02.json,"none (no TA, no EA)",120,100.00000,30.10963,83.36446,1.00000,0.12576
0.5,case_02.json,"TA only",120,100.00000,29.64914,83.36446,1.00000,0.12576
0.5,case_02.json,"EA only",120,100.00000,36.56020,79.00103,0.42720,0.12576
0.5,case_02.json,"ETA-HP (TA+EA)",120,100.00000,35.59972,78.84073,0.42720,0.12576
0.5,case_03.json,"none (no TA, no EA)",120,100.00000,30.55105,82.76592,1.00000,0.12576
0.5,case_03.json,"TA only",120,100.00000,30.45674,79.91635,1.00000,0.12576
0.5,case_03.json,"EA only",120,100.00000,34.53056,81.36516,0.46237,0.12576
0.5,case_03.json,"ETA-HP (TA+EA)",120,100.00000,34.30489,80.46084,0.46237,0.12576
0.5,case_04.json,"none (no TA, no EA)",120,100.00000,29.87594,84.75319,1.00000,0.12576
0.5,case_04.json,"TA only",120,100.00000,29.79439,83.62716,1.00000,0.12576
0.5,case_04.json,"EA only",120,100.00000,35.89885,76.51559,0.44953,0.12576
0.5,case_04.json,"ETA-HP (TA+EA)",120,100.00000,35.66586,76.36618,0.44953,0.12576
0.5,case_05.json,"none (no TA, no EA)",120,100.00000,30.18392,81.77634,1.00000,0.12576
0.5,case_05.json,"TA only",120,100.00000,30.15492,81.10633,1.00000,0.12576
0.5,case_05.json,"EA only",120,100.00000,36.93250,77.31698,0.48037,0.12576
0.5,case_05.json,"ETA-HP (TA+EA)",120,100.00000,36.69020,76.62152,0.48037,0.12576
0.5,case_06.json,"none (no TA, no EA)",120,100.00000,27.99845,82.64273,1.00000,0.12576
0.5,case_06.json,"TA only",120,100.00000,27.88924,78.44973,1.00000,0.12576
0.5,case_06.json,"EA only",120,100.00000,31.70921,74.32123,0.34076,0.12576
0.5,case_06.json,"ETA-HP (TA+EA)",120,100.00000,31.29607,70.87496,0.34076,0.12576
0.5,case_07.json,"none (no TA, no EA)",120,100.00000,28.99289,84.06840,1.00000,0.12576
0.5,case_07.json,"TA only",120,100.00000,28.98115,83.87888,1.00000,0.12576
0.5,case_07.json,"EA only",120,100.00000,35.54143,76.94359,0.36174,0.12576
0.5,case_07.json,"ETA-HP (TA+EA)",120,100.00000,35.52466,75.98711,0.36174,0.12576
0.5,case_08.json,"none (no TA, no EA)",120,100.00000,35.44182,86.88031,1.00000,0.12576
0.5,case_08.json,"TA only",120,100.00000,35.33247,86.88031,1.00000,0.12576
0.5,case_08.json,"EA only",120,100.00000,39.48849,86.88031,0.69242,0.12576
0.5,case_08.json,"ETA-HP (TA+EA)",120,100.00000,39.20131,86.88031,0.69242,0.12576
0.5,case_09.json,"none (no TA, no EA)",120,100.00000,28.92544,82.68640,1.00000,0.12576
0.5,case_09.json,"TA only",120,100.00000,28.76005,81.33562,1.00000,0.12576
0.5,case_09.json,"EA only",120,100.00000,32.92303,75.54523,0.43528,0.12576
0.5,case_09.json,"ETA-HP (TA+EA)",120,100.00000,32.59879,72.84786,0.43528,0.12576
0.5,case_10.json,"none (no TA, no EA)",120,100.00000,28.32190,83.79794,1.00000,0.12576
0.5,case_10.json,"TA only",120,100.00000,28.50278,82.05025,1.00000,0.12576
0.5,case_10.json,"EA only",120,100.00000,33.02050,76.02815,0.38198,0.12576
0.5,case_10.json,"ETA-HP (TA+EA)",120,100.00000,33.80927,74.46183,0.38198,0.12576
0.5,case_11.json,"none (no TA, no EA)",120,100.00000,30.41578,82.95048,1.00000,0.12576
0.5,case_11.json,"TA only",120,100.00000,30.27494,82.00126,1.00000,0.12576
0.5,case_11.json,"EA only",120,100.00000,37.99797,78.19382,0.46816,0.12576
0.5,case_11.json,"ETA-HP (TA+EA)",120,100.00000,37.41022,77.16748,0.46816,0.12576
0.5,case_12.json,"none (no TA, no EA)",120,100.00000,30.21770,81.50331,1.00000,0.12576
0.5,case_12.json,"TA only",120,100.00000,30.13157,80.99180,1.00000,0.12576
0.5,case_12.json,"EA only",120,100.00000,37.88829,75.10442,0.41531,0.12576
0.5,case_12.json,"ETA-HP (TA+EA)",120,100.00000,37.19869,75.28302,0.41531,0.12576
0.5,case_13.json,"none (no TA, no EA)",120,100.00000,30.98175,87.16694,1.00000,0.12576
0.5,case_13.json,"TA only",120,100.00000,30.89869,85.98411,1.00000,0.12576
0.5,case_13.json,"EA only",120,100.00000,33.45744,87.16694,0.57390,0.12576
0.5,case_13.json,"ETA-HP (TA+EA)",120,100.00000,33.39337,85.98411,0.57390,0.12576
0.5,case_14.json,"none (no TA, no EA)",120,100.00000,29.34000,81.28053,1.00000,0.12576
0.5,case_14.json,"TA only",120,100.00000,29.27652,81.28053,1.00000,0.12576
0.5,case_14.json,"EA only",120,100.00000,36.82892,76.88505,0.34598,0.12576
0.5,case_14.json,"ETA-HP (TA+EA)",120,100.00000,36.57221,74.06147,0.34598,0.12576
0.5,case_15.json,"none (no TA, no EA)",120,100.00000,29.65961,84.15333,1.00000,0.12576
0.5,case_15.json,"TA only",120,100.00000,29.78562,81.99303,1.00000,0.12576
0.5,case_15.json,"EA only",120,100.00000,36.30188,80.75191,0.41918,0.12576
0.5,case_15.json,"ETA-HP (TA+EA)",120,100.00000,37.13392,79.07256,0.41918,0.12576
0.5,case_16.json,"none (no TA, no EA)",120,100.00000,28.49100,79.05005,1.00000,0.12576
0.5,case_16.json,"TA only",120,100.00000,28.34013,78.32957,1.00000,0.12576
0.5,case_16.json,"EA only",120,100.00000,35.98066,71.82793,0.31516,0.12576
0.5,case_16.json,"ETA-HP (TA+EA)",120,100.00000,35.09051,70.85257,0.31516,0.12576
0.5,case_17.json,"none (no TA, no EA)",120,100.00000,31.19047,87.28039,1.00000,0.12576
0.5,case_17.json,"TA only",120,100.00000,31.65094,81.26041,1.00000,0.12576
0.5,case_17.json,"EA only",120,100.00000,38.04642,85.31553,0.59972,0.12576
0.5,case_17.json,"ETA-HP (TA+EA)",120,100.00000,37.34638,78.38666,0.59972,0.12576
0.5,case_18.json,"none (no TA, no EA)",120,100.00000,30.82628,83.45163,1.00000,0.12576
0.5,case_18.json,"TA only",120,100.00000,30.34455,81.28323,1.00000,0.12576
0.5,case_18.json,"EA only",120,100.00000,36.17338,80.94098,0.47026,0.12576
0.5,case_18.json,"ETA-HP (TA+EA)",120,100.00000,35.46776,80.54454,0.47026,0.12576
0.5,case_19.json,"none (no TA, no EA)",120,100.00000,28.69009,82.19295,1.00000,0.12576
0.5,case_19.json,"TA only",120,100.00000,28.61248,78.80273,1.00000,0.12576
0.5,case_19.json,"EA only",120,100.00000,36.16859,72.95072,0.33916,0.12576
0.5,case_19.json,"ETA-HP (TA+EA)",120,100.00000,36.17027,72.28910,0.33916,0.12576
0.5,case_20.json,"none (no TA, no EA)",120,100.00000,32.17805,89.32897,1.00000,0.12576
0.5,case_20.json,"TA only",120,100.00000,32.06802,86.32357,1.00000,0.12576
0.5,case_20.json,"EA only",120,100.00000,34.56213,89.32897,0.60555,0.12576
0.5,case_20.json,"ETA-HP (TA+EA)",120,100.00000,34.46254,86.32357,0.60555,0.12576
0.5,case_21.json,"none (no TA, no EA)",120,100.00000,28.84248,77.50433,1.00000,0.12576
0.5,case_21.json,"TA only",120,100.00000,28.82714,77.72635,1.00000,0.12576
0.5,case_21.json,"EA only",120,100.00000,35.83385,73.04649,0.34940,0.12576
0.5,case_21.json,"ETA-HP (TA+EA)",120,100.00000,35.75898,72.95657,0.34940,0.12576
0.5,case_22.json,"none (no TA, no EA)",120,100.00000,29.51356,81.40547,1.00000,0.12576
0.5,case_22.json,"TA only",120,100.00000,29.24953,80.99652,1.00000,0.12576
0.5,case_22.json,"EA only",120,100.00000,33.59267,76.91660,0.44464,0.12576
0.5,case_22.json,"ETA-HP (TA+EA)",120,100.00000,32.98686,77.02103,0.44464,0.12576
0.5,case_23.json,"none (no TA, no EA)",120,100.00000,28.63426,81.07751,1.00000,0.12576
0.5,case_23.json,"TA only",120,100.00000,28.56479,80.10304,1.00000,0.12576
0.5,case_23.json,"EA only",120,100.00000,36.18861,73.88429,0.31589,0.12576
0.5,case_23.json,"ETA-HP (TA+EA)",120,100.00000,35.81959,69.02514,0.31589,0.12576
0.5,case_24.json,"none (no TA, no EA)",120,100.00000,29.51623,81.90132,1.00000,0.12576
0.5,case_24.json,"TA only",120,100.00000,29.40607,80.91476,1.00000,0.12576
0.5,case_24.json,"EA only",120,100.00000,36.77919,76.08179,0.38732,0.12576
0.5,case_24.json,"ETA-HP (TA+EA)",120,100.00000,36.30898,75.12106,0.38732,0.12576
0.5,case_25.json,"none (no TA, no EA)",120,100.00000,29.86759,83.15803,1.00000,0.12576
0.5,case_25.json,"TA only",120,100.00000,29.83300,82.40857,1.00000,0.12576
0.5,case_25.json,"EA only",120,100.00000,35.97064,77.06775,0.40847,0.12576
0.5,case_25.json,"ETA-HP (TA+EA)",120,100.00000,35.91138,77.86998,0.40847,0.12576
0.5,case_26.json,"none (no TA, no EA)",120,100.00000,33.87737,89.36597,1.00000,0.12576
0.5,case_26.json,"TA only",120,100.00000,33.25240,87.31794,1.00000,0.12576
0.5,case_26.json,"EA only",120,100.00000,37.92716,89.36597,0.56417,0.12576
0.5,case_26.json,"ETA-HP (TA+EA)",120,100.00000,37.24924,87.31794,0.56417,0.12576
0.5,case_27.json,"none (no TA, no EA)",120,100.00000,29.02283,85.74427,1.00000,0.12576
0.5,case_27.json,"TA only",120,100.00000,28.97113,81.29190,1.00000,0.12576
0.5,case_27.json,"EA only",120,100.00000,34.44561,76.39291,0.40354,0.12576
0.5,case_27.json,"ETA-HP (TA+EA)",120,100.00000,34.27101,74.52940,0.40354,0.12576
0.5,case_28.json,"none (no TA, no EA)",120,100.00000,28.87666,80.54669,1.00000,0.12576
0.5,case_28.json,"TA only",120,100.00000,28.87915,80.37130,1.00000,0.12576
0.5,case_28.json,"EA only",120,100.00000,38.77458,69.15598,0.30335,0.12576
0.5,case_28.json,"ETA-HP (TA+EA)",120,100.00000,38.67944,69.15598,0.30335,0.12576
0.5,case_29.json,"none (no TA, no EA)",120,100.00000,28.52126,82.97588,1.00000,0.12576
0.5,case_29.json,"TA only",120,100.00000,28.41845,81.42961,1.00000,0.12576
0.5,case_29.json,"EA only",120,100.00000,36.91212,72.75257,0.30747,0.12576
0.5,case_29.json,"ETA-HP (TA+EA)",120,100.00000,36.22142,70.61192,0.30747,0.12576
0.5,case_30.json,"none (no TA, no EA)",120,100.00000,28.28145,81.25544,1.00000,0.12576
0.5,case_30.json,"TA only",120,100.00000,28.29906,77.90452,1.00000,0.12576
0.5,case_30.json,"EA only",120,100.00000,35.37244,69.91641,0.30821,0.12576
0.5,case_30.json,"ETA-HP (TA+EA)",120,100.00000,35.44332,69.29299,0.30821,0.12576
0.5,case_31.json,"none (no TA, no EA)",120,100.00000,32.85028,86.02681,1.00000,0.12576
0.5,case_31.json,"TA only",120,100.00000,32.64085,84.97532,1.00000,0.12576
0.5,case_31.json,"EA only",120,100.00000,41.70061,83.06224,0.49857,0.12576
0.5,case_31.json,"ETA-HP (TA+EA)",120,100.00000,40.86833,82.95865,0.49857,0.12576
0.5,case_32.json,"none (no TA, no EA)",120,100.00000,29.30340,83.09703,1.00000,0.12576
0.5,case_32.json,"TA only",120,100.00000,29.23207,81.05020,1.00000,0.12576
0.5,case_32.json,"EA only",120,100.00000,33.64639,78.37783,0.42591,0.12576
0.5,case_32.json,"ETA-HP (TA+EA)",120,100.00000,33.48982,76.41114,0.42591,0.12576
0.5,case_33.json,"none (no TA, no EA)",120,100.00000,28.52269,79.32333,1.00000,0.12576
0.5,case_33.json,"TA only",120,100.00000,28.62829,80.52003,1.00000,0.12576
0.5,case_33.json,"EA only",120,100.00000,33.01993,71.15554,0.38908,0.12576
0.5,case_33.json,"ETA-HP (TA+EA)",120,100.00000,33.39208,72.02707,0.38908,0.12576
0.5,case_34.json,"none (no TA, no EA)",120,100.00000,28.23053,80.48128,1.00000,0.12576
0.5,case_34.json,"TA only",120,100.00000,28.14644,80.59000,1.00000,0.12576
0.5,case_34.json,"EA only",120,100.00000,35.20494,70.00624,0.30143,0.12576
0.5,case_34.json,"ETA-HP (TA+EA)",120,100.00000,34.69641,69.76675,0.30143,0.12576
0.5,case_35.json,"none (no TA, no EA)",120,100.00000,28.86438,83.18022,1.00000,0.12576
0.5,case_35.json,"TA only",120,100.00000,28.87901,82.05802,1.00000,0.12576
0.5,case_35.json,"EA only",120,100.00000,37.60717,71.29599,0.33298,0.12576
0.5,case_35.json,"ETA-HP (TA+EA)",120,100.00000,37.68300,70.67938,0.33298,0.12576
0.5,case_36.json,"none (no TA, no EA)",120,100.00000,28.83007,81.99233,1.00000,0.12576
0.5,case_36.json,"TA only",120,100.00000,28.79875,81.03318,1.00000,0.12576
0.5,case_36.json,"EA only",120,100.00000,37.33977,71.78914,0.32562,0.12576
0.5,case_36.json,"ETA-HP (TA+EA)",120,100.00000,37.22811,71.51927,0.32562,0.12576
0.5,case_37.json,"none (no TA, no EA)",120,100.00000,30.96300,81.97030,1.00000,0.12576
0.5,case_37.json,"TA only",120,100.00000,30.88190,82.54392,1.00000,0.12576
0.5,case_37.json,"EA only",120,100.00000,39.32361,76.64330,0.46487,0.12576
0.5,case_37.json,"ETA-HP (TA+EA)",120,100.00000,39.18515,76.39104,0.46487,0.12576
0.5,case_38.json,"none (no TA, no EA)",120,100.00000,29.67003,88.91257,1.00000,0.12576
0.5,case_38.json,"TA only",120,100.00000,29.55566,87.39163,1.00000,0.12576
0.5,case_38.json,"EA only",120,100.00000,37.82655,79.13035,0.38435,0.12576
0.5,case_38.json,"ETA-HP (TA+EA)",120,100.00000,37.51735,78.34684,0.38435,0.12576
0.5,case_39.json,"none (no TA, no EA)",120,100.00000,28.87005,87.45486,1.00000,0.12576
0.5,case_39.json,"TA only",120,100.00000,28.87902,82.35830,1.00000,0.12576
0.5,case_39.json,"EA only",120,100.00000,34.51386,78.09932,0.39230,0.12576
0.5,case_39.json,"ETA-HP (TA+EA)",120,100.00000,34.54895,75.21044,0.39230,0.12576
0.5,case_40.json,"none (no TA, no EA)",120,100.00000,28.91807,81.17026,1.00000,0.12576
0.5,case_40.json,"TA only",120,100.00000,28.93512,79.65558,1.00000,0.12576
0.5,case_40.json,"EA only",120,100.00000,36.13086,72.59407,0.37986,0.12576
0.5,case_40.json,"ETA-HP (TA+EA)",120,100.00000,36.22645,70.73428,0.37986,0.12576
0.5,case_41.json,"none (no TA, no EA)",120,100.00000,33.89763,84.81683,1.00000,0.12576
0.5,case_41.json,"TA only",120,100.00000,33.24747,84.65815,1.00000,0.12576
0.5,case_41.json,"EA only",120,100.00000,38.34001,84.81683,0.59673,0.12576
0.5,case_41.json,"ETA-HP (TA+EA)",120,100.00000,37.46749,84.65815,0.59673,0.12576
0.5,case_42.json,"none (no TA, no EA)",120,100.00000,29.14521,80.91809,1.00000,0.12576
0.5,case_42.json,"TA only",120,100.00000,29.05502,80.48425,1.00000,0.12576
0.5,case_42.json,"EA only",120,100.00000,38.11079,69.81429,0.33382,0.12576
0.5,case_42.json,"ETA-HP (TA+EA)",120,100.00000,37.77872,69.53528,0.33382,0.12576
0.5,case_43.json,"none (no TA, no EA)",120,100.00000,29.01679,83.33939,1.00000,0.12576
0.5,case_43.json,"TA only",120,100.00000,28.95588,81.48104,1.00000,0.12576
0.5,case_43.json,"EA only",120,100.00000,35.52939,77.65370,0.37269,0.12576
0.5,case_43.json,"ETA-HP (TA+EA)",120,100.00000,35.36136,77.21806,0.37269,0.12576
0.5,case_44.json,"none (no TA, no EA)",120,100.00000,29.60059,83.70934,1.00000,0.12576
0.5,case_44.json,"TA only",120,100.00000,29.53947,83.29730,1.00000,0.12576
0.5,case_44.json,"EA only",120,100.00000,36.52282,78.72965,0.40313,0.12576
0.5,case_44.json,"ETA-HP (TA+EA)",120,100.00000,36.21752,77.17714,0.40313,0.12576
0.5,case_45.json,"none (no TA, no EA)",120,100.00000,28.92542,81.85915,1.00000,0.12576
0.5,case_45.json,"TA only",120,100.00000,28.85028,79.23083,1.00000,0.12576
0.5,case_45.json,"EA only",120,100.00000,36.02498,72.88821,0.35670,0.12576
0.5,case_45.json,"ETA-HP (TA+EA)",120,100.00000,35.73352,72.07609,0.35670,0.12576
0.5,case_46.json,"none (no TA, no EA)",120,100.00000,31.65909,88.30147,1.00000,0.12576
0.5,case_46.json,"TA only",120,100.00000,31.43221,85.26960,1.00000,0.12576
0.5,case_46.json,"EA only",120,100.00000,42.82426,81.77390,0.44687,0.12576
0.5,case_46.json,"ETA-HP (TA+EA)",120,100.00000,42.25978,81.51931,0.44687,0.12576
0.5,case_47.json,"none (no TA, no EA)",120,100.00000,29.13890,92.59206,1.00000,0.12576
0.5,case_47.json,"TA only",120,100.00000,29.12575,86.84406,1.00000,0.12576
0.5,case_47.json,"EA only",120,100.00000,36.71792,79.83985,0.36730,0.12576
0.5,case_47.json,"ETA-HP (TA+EA)",120,100.00000,36.59211,78.86074,0.36730,0.12576
0.5,case_48.json,"none (no TA, no EA)",120,100.00000,29.35979,81.22215,1.00000,0.12576
0.5,case_48.json,"TA only",120,100.00000,29.24157,81.69740,1.00000,0.12576
0.5,case_48.json,"EA only",120,100.00000,38.62346,75.50099,0.35518,0.12576
0.5,case_48.json,"ETA-HP (TA+EA)",120,100.00000,37.55463,75.50968,0.35518,0.12576
0.5,case_49.json,"none (no TA, no EA)",120,100.00000,33.66285,87.06410,1.00000,0.12576
0.5,case_49.json,"TA only",120,100.00000,33.41778,86.06740,1.00000,0.12576
0.5,case_49.json,"EA only",120,100.00000,38.91397,87.06410,0.55856,0.12576
0.5,case_49.json,"ETA-HP (TA+EA)",120,100.00000,38.19845,86.06740,0.55856,0.12576
0.6,case_00.json,"none (no TA, no EA)",120,100.00000,34.17614,83.72917,1.00000,0.12576
0.6,case_00.json,"TA only",120,100.00000,34.95778,83.58164,1.00000,0.12576
0.6,case_00.json,"EA only",120,100.00000,41.16029,82.54325,0.54328,0.12576
0.6,case_00.json,"ETA-HP (TA+EA)",120,100.00000,42.31626,83.58164,0.54328,0.12576
0.6,case_01.json,"none (no TA, no EA)",120,100.00000,31.35590,83.58510,1.00000,0.12576
0.6,case_01.json,"TA only",120,100.00000,31.24077,82.00905,1.00000,0.12576
0.6,case_01.json,"EA only",120,100.00000,38.47560,78.60281,0.45898,0.12576
0.6,case_01.json,"ETA-HP (TA+EA)",120,100.00000,38.20012,77.13268,0.45898,0.12576
0.6,case_02.json,"none (no TA, no EA)",120,100.00000,31.50792,86.77179,1.00000,0.12576
0.6,case_02.json,"TA only",120,100.00000,31.47021,85.49134,1.00000,0.12576
0.6,case_02.json,"EA only",120,100.00000,39.00860,80.22153,0.47684,0.12576
0.6,case_02.json,"ETA-HP (TA+EA)",120,100.00000,39.02416,79.41563,0.47684,0.12576
0.6,case_03.json,"none (no TA, no EA)",120,100.00000,32.49210,89.51779,1.00000,0.12576
0.6,case_03.json,"TA only",120,100.00000,32.69518,90.55374,1.00000,0.12576
0.6,case_03.json,"EA only",120,100.00000,38.51259,84.94311,0.56823,0.12576
0.6,case_03.json,"ETA-HP (TA+EA)",120,100.00000,39.05888,83.97331,0.56823,0.12576
0.6,case_04.json,"none (no TA, no EA)",120,100.00000,31.45371,88.04437,1.00000,0.12576
0.6,case_04.json,"TA only",120,100.00000,31.25281,82.44372,1.00000,0.12576
0.6,case_04.json,"EA only",120,100.00000,38.58057,85.07021,0.46522,0.12576
0.6,case_04.json,"ETA-HP (TA+EA)",120,100.00000,38.58657,82.40293,0.46522,0.12576
0.6,case_05.json,"none (no TA, no EA)",120,100.00000,34.96693,84.76451,1.00000,0.12576
0.6,case_05.json,"TA only",120,100.00000,35.08801,85.16150,1.00000,0.12576
0.6,case_05.json,"EA only",120,100.00000,42.59828,84.76451,0.58089,0.12576
0.6,case_05.json,"ETA-HP (TA+EA)",120,100.00000,42.80172,85.16150,0.58089,0.12576
0.6,case_06.json,"none (no TA, no EA)",120,100.00000,34.79774,88.86056,1.00000,0.12576
0.6,case_06.json,"TA only",120,100.00000,34.82811,87.52148,1.00000,0.12576
0.6,case_06.json,"EA only",120,100.00000,40.04527,84.37658,0.63398,0.12576
0.6,case_06.json,"ETA-HP (TA+EA)",120,100.00000,40.42977,84.25788,0.63398,0.12576
0.6,case_07.json,"none (no TA, no EA)",120,100.00000,34.11646,88.28494,1.00000,0.12576
0.6,case_07.json,"TA only",120,100.00000,33.43363,85.79231,1.00000,0.12576
0.6,case_07.json,"EA only",120,100.00000,39.97118,88.28494,0.61649,0.12576
0.6,case_07.json,"ETA-HP (TA+EA)",120,100.00000,38.75398,85.79231,0.61649,0.12576
0.6,case_08.json,"none (no TA, no EA)",120,100.00000,29.46284,80.55425,1.00000,0.12576
0.6,case_08.json,"TA only",120,100.00000,29.38782,77.37002,1.00000,0.12576
0.6,case_08.json,"EA only",120,100.00000,37.87117,70.19459,0.36913,0.12576
0.6,case_08.json,"ETA-HP (TA+EA)",120,100.00000,37.23613,69.63381,0.36913,0.12576
0.6,case_09.json,"none (no TA, no EA)",120,100.00000,32.99978,83.17278,1.00000,0.12576
0.6,case_09.json,"TA only",120,100.00000,32.28828,82.58066,1.00000,0.12576
0.6,case_09.json,"EA only",120,100.00000,39.17174,80.40307,0.55165,0.12576
0.6,case_09.json,"ETA-HP (TA+EA)",120,100.00000,38.20201,80.35059,0.55165,0.12576
0.6,case_10.json,"none (no TA, no EA)",120,100.00000,30.15817,79.98581,1.00000,0.12576
0.6,case_10.json,"TA only",120,100.00000,30.58680,79.95546,1.00000,0.12576
0.6,case_10.json,"EA only",120,100.00000,36.66703,73.96309,0.45221,0.12576
0.6,case_10.json,"ETA-HP (TA+EA)",120,100.00000,37.89316,73.02476,0.45221,0.12576
0.6,case_11.json,"none (no TA, no EA)",120,100.00000,30.20339,83.98209,1.00000,0.12576
0.6,case_11.json,"TA only",120,100.00000,30.23317,82.76039,1.00000,0.12576
0.6,case_11.json,"EA only",120,100.00000,37.53138,80.69010,0.39356,0.12576
0.6,case_11.json,"ETA-HP (TA+EA)",120,100.00000,37.93408,79.42366,0.39356,0.12576
0.6,case_12.json,"none (no TA, no EA)",120,100.00000,35.01755,91.89256,1.00000,0.12576
0.6,case_12.json,"TA only",120,100.00000,34.99841,88.01947,1.00000,0.12576
0.6,case_12.json,"EA only",120,100.00000,40.60398,82.15615,0.61427,0.12576
0.6,case_12.json,"ETA-HP (TA+EA)",120,100.00000,40.54407,79.96723,0.61427,0.12576
0.6,case_13.json,"none (no TA, no EA)",80,100.00000,33.56610,88.31957,1.00000,0.08384
0.6,case_13.json,"TA only",80,100.00000,33.22740,89.75751,1.00000,0.08384
0.6,case_13.json,"EA only",80,100.00000,38.49806,88.31957,0.54064,0.08384
0.6,case_13.json,"ETA-HP (TA+EA)",80,100.00000,36.92433,89.75751,0.54064,0.08384
0.6,case_14.json,"none (no TA, no EA)",120,100.00000,29.55114,85.00949,1.00000,0.12576
0.6,case_14.json,"TA only",120,100.00000,29.29955,80.66930,1.00000,0.12576
0.6,case_14.json,"EA only",120,100.00000,37.29571,74.84808,0.34164,0.12576
0.6,case_14.json,"ETA-HP (TA+EA)",120,100.00000,36.16392,71.86862,0.34164,0.12576
0.6,case_15.json,"none (no TA, no EA)",120,100.00000,31.51037,84.32198,1.00000,0.12576
0.6,case_15.json,"TA only",120,100.00000,31.48231,83.21413,1.00000,0.12576
0.6,case_15.json,"EA only",120,100.00000,38.41214,76.07398,0.50844,0.12576
0.6,case_15.json,"ETA-HP (TA+EA)",120,100.00000,38.33471,75.91865,0.50844,0.12576
0.6,case_16.json,"none (no TA, no EA)",120,100.00000,32.79009,87.64872,1.00000,0.12576
0.6,case_16.json,"TA only",120,100.00000,33.67380,85.47336,1.00000,0.12576
0.6,case_16.json,"EA only",120,100.00000,36.31645,87.64872,0.64421,0.12576
0.6,case_16.json,"ETA-HP (TA+EA)",120,100.00000,37.59515,85.47336,0.64421,0.12576
0.6,case_17.json,"none (no TA, no EA)",120,100.00000,33.79420,82.47045,1.00000,0.12576
0.6,case_17.json,"TA only",120,100.00000,33.34037,81.26306,1.00000,0.12576
0.6,case_17.json,"EA only",120,100.00000,37.27141,82.47045,0.64224,0.12576
0.6,case_17.json,"ETA-HP (TA+EA)",120,100.00000,36.37687,81.26306,0.64224,0.12576
0.6,case_18.json,"none (no TA, no EA)",120,100.00000,31.72241,88.53855,1.00000,0.12576
0.6,case_18.json,"TA only",120,100.00000,31.14716,87.56829,1.00000,0.12576
0.6,case_18.json,"EA only",120,100.00000,40.17003,83.40195,0.45925,0.12576
0.6,case_18.json,"ETA-HP (TA+EA)",120,100.00000,38.98855,83.79969,0.45925,0.12576
0.6,case_19.json,"none (no TA, no EA)",120,100.00000,30.98586,84.94838,1.00000,0.12576
0.6,case_19.json,"TA only",120,100.00000,30.75983,84.02858,1.00000,0.12576
0.6,case_19.json,"EA only",120,100.00000,42.14487,77.83219,0.40186,0.12576
0.6,case_19.json,"ETA-HP (TA+EA)",120,100.00000,41.47841,77.00805,0.40186,0.12576
0.6,case_20.json,"none (no TA, no EA)",120,100.00000,34.08591,86.14213,1.00000,0.12576
0.6,case_20.json,"TA only",120,100.00000,33.57265,84.22869,1.00000,0.12576
0.6,case_20.json,"EA only",120,100.00000,40.01532,84.95687,0.54034,0.12576
0.6,case_20.json,"ETA-HP (TA+EA)",120,100.00000,39.21442,84.22869,0.54034,0.12576
0.6,case_21.json,"none (no TA, no EA)",120,100.00000,32.32078,87.48017,1.00000,0.12576
0.6,case_21.json,"TA only",120,100.00000,32.09102,85.85549,1.00000,0.12576
0.6,case_21.json,"EA only",120,100.00000,39.20228,84.79296,0.49881,0.12576
0.6,case_21.json,"ETA-HP (TA+EA)",120,100.00000,38.77345,84.43540,0.49881,0.12576
0.6,case_22.json,"none (no TA, no EA)",120,100.00000,36.31789,86.56716,1.00000,0.12576
0.6,case_22.json,"TA only",120,100.00000,35.84978,86.56716,1.00000,0.12576
0.6,case_22.json,"EA only",120,100.00000,39.67533,86.56716,0.66934,0.12576
0.6,case_22.json,"ETA-HP (TA+EA)",120,100.00000,38.96891,86.56716,0.66934,0.12576
0.6,case_23.json,"none (no TA, no EA)",120,100.00000,29.66772,83.42124,1.00000,0.12576
0.6,case_23.json,"TA only",120,100.00000,29.63012,83.11396,1.00000,0.12576
0.6,case_23.json,"EA only",120,100.00000,39.65892,74.12588,0.33617,0.12576
0.6,case_23.json,"ETA-HP (TA+EA)",120,100.00000,39.38084,73.55810,0.33617,0.12576
0.6,case_24.json,"none (no TA, no EA)",120,100.00000,29.39424,86.44173,1.00000,0.12576
0.6,case_24.json,"TA only",120,100.00000,29.26153,80.58856,1.00000,0.12576
0.6,case_24.json,"EA only",120,100.00000,36.10875,76.12169,0.38236,0.12576
0.6,case_24.json,"ETA-HP (TA+EA)",120,100.00000,35.54409,74.19620,0.38236,0.12576
0.6,case_25.json,"none (no TA, no EA)",120,100.00000,29.62268,81.60248,1.00000,0.12576
0.6,case_25.json,"TA only",120,100.00000,29.60897,80.44262,1.00000,0.12576
0.6,case_25.json,"EA only",120,100.00000,39.14921,69.76831,0.34850,0.12576
0.6,case_25.json,"ETA-HP (TA+EA)",120,100.00000,38.86267,69.76796,0.34850,0.12576
0.6,case_26.json,"none (no TA, no EA)",120,100.00000,33.69785,87.05310,1.00000,0.12576
0.6,case_26.json,"TA only",120,100.00000,33.25456,87.15178,1.00000,0.12576
0.6,case_26.json,"EA only",120,100.00000,39.04510,84.83742,0.58412,0.12576
0.6,case_26.json,"ETA-HP (TA+EA)",120,100.00000,38.33390,84.19190,0.58412,0.12576
0.6,case_27.json,"none (no TA, no EA)",120,100.00000,30.51885,84.03732,1.00000,0.12576
0.6,case_27.json,"TA only",120,100.00000,30.82828,81.29146,1.00000,0.12576
0.6,case_27.json,"EA only",120,100.00000,41.32552,73.76929,0.37869,0.12576
0.6,case_27.json,"ETA-HP (TA+EA)",120,100.00000,43.23756,73.15204,0.37869,0.12576
0.6,case_28.json,"none (no TA, no EA)",120,100.00000,30.93470,90.96325,1.00000,0.12576
0.6,case_28.json,"TA only",120,100.00000,30.93132,88.44945,1.00000,0.12576
0.6,case_28.json,"EA only",120,100.00000,37.96300,86.44690,0.42538,0.12576
0.6,case_28.json,"ETA-HP (TA+EA)",120,100.00000,37.73087,84.51963,0.42538,0.12576
0.6,case_29.json,"none (no TA, no EA)",120,100.00000,31.49839,86.24295,1.00000,0.12576
0.6,case_29.json,"TA only",120,100.00000,31.28747,83.93924,1.00000,0.12576
0.6,case_29.json,"EA only",120,100.00000,39.75209,81.25549,0.48171,0.12576
0.6,case_29.json,"ETA-HP (TA+EA)",120,100.00000,39.27464,78.40931,0.48171,0.12576
0.6,case_30.json,"none (no TA, no EA)",120,100.00000,30.74653,85.14141,1.00000,0.12576
0.6,case_30.json,"TA only",120,100.00000,30.32467,80.41695,1.00000,0.12576
0.6,case_30.json,"EA only",120,100.00000,37.40847,76.08928,0.44972,0.12576
0.6,case_30.json,"ETA-HP (TA+EA)",120,100.00000,36.35212,75.20380,0.44972,0.12576
0.6,case_31.json,"none (no TA, no EA)",120,100.00000,30.49250,82.93072,1.00000,0.12576
0.6,case_31.json,"TA only",120,100.00000,30.44171,81.79912,1.00000,0.12576
0.6,case_31.json,"EA only",120,100.00000,37.01067,76.94526,0.42761,0.12576
0.6,case_31.json,"ETA-HP (TA+EA)",120,100.00000,36.91514,77.60186,0.42761,0.12576
0.6,case_32.json,"none (no TA, no EA)",120,100.00000,30.38828,82.62743,1.00000,0.12576
0.6,case_32.json,"TA only",120,100.00000,30.29845,84.88365,1.00000,0.12576
0.6,case_32.json,"EA only",120,100.00000,40.98235,75.17936,0.38370,0.12576
0.6,case_32.json,"ETA-HP (TA+EA)",120,100.00000,40.06620,76.09480,0.38370,0.12576
0.6,case_33.json,"none (no TA, no EA)",120,100.00000,35.04958,84.55752,1.00000,0.12576
0.6,case_33.json,"TA only",120,100.00000,34.68667,84.25929,1.00000,0.12576
0.6,case_33.json,"EA only",120,100.00000,39.75174,84.55752,0.60067,0.12576
0.6,case_33.json,"ETA-HP (TA+EA)",120,100.00000,39.49131,84.25929,0.60067,0.12576
0.6,case_34.json,"none (no TA, no EA)",120,100.00000,31.63891,86.31335,1.00000,0.12576
0.6,case_34.json,"TA only",120,100.00000,31.41875,84.20374,1.00000,0.12576
0.6,case_34.json,"EA only",120,100.00000,40.63096,80.33298,0.43789,0.12576
0.6,case_34.json,"ETA-HP (TA+EA)",120,100.00000,39.93076,80.22106,0.43789,0.12576
0.6,case_35.json,"none (no TA, no EA)",120,100.00000,31.94035,86.62468,1.00000,0.12576
0.6,case_35.json,"TA only",120,100.00000,31.63459,84.86477,1.00000,0.12576
0.6,case_35.json,"EA only",120,100.00000,36.12531,86.62468,0.55222,0.12576
0.6,case_35.json,"ETA-HP (TA+EA)",120,100.00000,35.82481,84.86477,0.55222,0.12576
0.6,case_36.json,"none (no TA, no EA)",120,100.00000,35.50673,91.56094,1.00000,0.12576
0.6,case_36.json,"TA only",120,100.00000,35.45885,90.59351,1.00000,0.12576
0.6,case_36.json,"EA only",120,100.00000,42.53127,91.56094,0.56493,0.12576
0.6,case_36.json,"ETA-HP (TA+EA)",120,100.00000,41.60554,90.59351,0.56493,0.12576
0.6,case_37.json,"none (no TA, no EA)",120,100.00000,29.95444,84.87609,1.00000,0.12576
0.6,case_37.json,"TA only",120,100.00000,29.92269,84.62840,1.00000,0.12576
0.6,case_37.json,"EA only",120,100.00000,36.91089,76.49430,0.39471,0.12576
0.6,case_37.json,"ETA-HP (TA+EA)",120,100.00000,36.86523,75.41156,0.39471,0.12576
0.6,case_38.json,"none (no TA, no EA)",120,100.00000,30.68220,85.53281,1.00000,0.12576
0.6,case_38.json,"TA only",120,100.00000,30.54596,83.46553,1.00000,0.12576
0.6,case_38.json,"EA only",120,100.00000,41.00038,75.24856,0.38320,0.12576
0.6,case_38.json,"ETA-HP (TA+EA)",120,100.00000,40.39200,74.42486,0.38320,0.12576
0.6,case_39.json,"none (no TA, no EA)",120,100.00000,31.49797,89.50295,1.00000,0.12576
0.6,case_39.json,"TA only",120,100.00000,31.14549,84.83712,1.00000,0.12576
0.6,case_39.json,"EA only",120,100.00000,38.45052,84.27268,0.42790,0.12576
0.6,case_39.json,"ETA-HP (TA+EA)",120,100.00000,37.87702,84.11149,0.42790,0.12576
0.6,case_40.json,"none (no TA, no EA)",120,100.00000,35.17917,83.87912,1.00000,0.12576
0.6,case_40.json,"TA only",120,100.00000,34.90204,82.04584,1.00000,0.12576
0.6,case_40.json,"EA only",120,100.00000,40.90858,81.57335,0.69372,0.12576
0.6,case_40.json,"ETA-HP (TA+EA)",120,100.00000,40.49096,79.33074,0.69372,0.12576
0.6,case_41.json,"none (no TA, no EA)",120,100.00000,30.81649,80.63173,1.00000,0.12576
0.6,case_41.json,"TA only",120,100.00000,30.52719,79.90518,1.00000,0.12576
0.6,case_41.json,"EA only",120,100.00000,36.41094,76.35315,0.47901,0.12576
0.6,case_41.json,"ETA-HP (TA+EA)",120,100.00000,35.70774,76.17486,0.47901,0.12576
0.6,case_42.json,"none (no TA, no EA)",120,100.00000,35.42063,83.47206,1.00000,0.12576
0.6,case_42.json,"TA only",120,100.00000,35.39949,82.76291,1.00000,0.12576
0.6,case_42.json,"EA only",120,100.00000,40.89028,83.47206,0.68667,0.12576
0.6,case_42.json,"ETA-HP (TA+EA)",120,100.00000,40.47641,82.76291,0.68667,0.12576
0.6,case_43.json,"none (no TA, no EA)",120,100.00000,29.60643,83.24524,1.00000,0.12576
0.6,case_43.json,"TA only",120,100.00000,29.44169,79.55019,1.00000,0.12576
0.6,case_43.json,"EA only",120,100.00000,41.75489,73.14311,0.32702,0.12576
0.6,case_43.json,"ETA-HP (TA+EA)",120,100.00000,40.57879,74.24171,0.32702,0.12576
0.6,case_44.json,"none (no TA, no EA)",120,100.00000,32.60691,83.41794,1.00000,0.12576
0.6,case_44.json,"TA only",120,100.00000,32.43540,81.52022,1.00000,0.12576
0.6,case_44.json,"EA only",120,100.00000,42.14885,81.26928,0.45613,0.12576
0.6,case_44.json,"ETA-HP (TA+EA)",120,100.00000,41.52345,83.44118,0.45613,0.12576
0.6,case_45.json,"none (no TA, no EA)",120,100.00000,32.75350,83.16500,1.00000,0.12576
0.6,case_45.json,"TA only",120,100.00000,32.32176,80.85765,1.00000,0.12576
0.6,case_45.json,"EA only",120,100.00000,41.19044,83.16500,0.53028,0.12576
0.6,case_45.json,"ETA-HP (TA+EA)",120,100.00000,40.38630,80.85765,0.53028,0.12576
0.6,case_46.json,"none (no TA, no EA)",120,100.00000,33.96918,91.59564,1.00000,0.12576
0.6,case_46.json,"TA only",120,100.00000,33.56335,89.87260,1.00000,0.12576
0.6,case_46.json,"EA only",120,100.00000,40.01967,87.85139,0.61083,0.12576
0.6,case_46.json,"ETA-HP (TA+EA)",120,100.00000,39.17115,87.24118,0.61083,0.12576
0.6,case_47.json,"none (no TA, no EA)",120,100.00000,29.37060,84.49931,1.00000,0.12576
0.6,case_47.json,"TA only",120,100.00000,29.27400,82.85310,1.00000,0.12576
0.6,case_47.json,"EA only",120,100.00000,39.39132,75.43272,0.32958,0.12576
0.6,case_47.json,"ETA-HP (TA+EA)",120,100.00000,38.67879,73.58589,0.32958,0.12576
0.6,case_48.json,"none (no TA, no EA)",120,100.00000,35.09918,83.85473,1.00000,0.12576
0.6,case_48.json,"TA only",120,100.00000,34.60927,85.23486,1.00000,0.12576
0.6,case_48.json,"EA only",120,100.00000,39.53676,83.85473,0.56949,0.12576
0.6,case_48.json,"ETA-HP (TA+EA)",120,100.00000,39.03502,85.23486,0.56949,0.12576
0.6,case_49.json,"none (no TA, no EA)",120,100.00000,31.06537,83.59349,1.00000,0.12576
0.6,case_49.json,"TA only",120,100.00000,31.02419,83.19297,1.00000,0.12576
0.6,case_49.json,"EA only",120,100.00000,40.54162,74.44553,0.46334,0.12576
0.6,case_49.json,"ETA-HP (TA+EA)",120,100.00000,40.05328,74.29058,0.46334,0.12576
0.7,case_00.json,"none (no TA, no EA)",120,100.00000,36.01165,87.45990,1.00000,0.12576
0.7,case_00.json,"TA only",120,100.00000,35.90220,85.83625,1.00000,0.12576
0.7,case_00.json,"EA only",120,100.00000,43.48048,83.38865,0.62473,0.12576
0.7,case_00.json,"ETA-HP (TA+EA)",120,100.00000,43.32258,83.38865,0.62473,0.12576
0.7,case_01.json,"none (no TA, no EA)",120,100.00000,32.86423,84.62572,1.00000,0.12576
0.7,case_01.json,"TA only",120,100.00000,32.94520,84.00043,1.00000,0.12576
0.7,case_01.json,"EA only",120,100.00000,42.37220,78.33606,0.48638,0.12576
0.7,case_01.json,"ETA-HP (TA+EA)",120,100.00000,42.79417,78.33606,0.48638,0.12576
0.7,case_02.json,"none (no TA, no EA)",120,100.00000,34.19031,86.38212,1.00000,0.12576
0.7,case_02.json,"TA only",120,100.00000,34.09583,84.85451,1.00000,0.12576
0.7,case_02.json,"EA only",120,100.00000,40.62231,86.38212,0.55331,0.12576
0.7,case_02.json,"ETA-HP (TA+EA)",120,100.00000,40.40195,84.85451,0.55331,0.12576
0.7,case_03.json,"none (no TA, no EA)",120,100.00000,33.41892,83.56624,1.00000,0.12576
0.7,case_03.json,"TA only",120,100.00000,33.33262,83.56624,1.00000,0.12576
0.7,case_03.json,"EA only",120,100.00000,41.37499,82.21898,0.52567,0.12576
0.7,case_03.json,"ETA-HP (TA+EA)",120,100.00000,41.24730,81.23770,0.52567,0.12576
0.7,case_04.json,"none (no TA, no EA)",120,100.00000,37.90628,90.16346,1.00000,0.12576
0.7,case_04.json,"TA only",120,100.00000,37.43750,88.47921,1.00000,0.12576
0.7,case_04.json,"EA only",120,100.00000,44.87639,84.83004,0.63213,0.12576
0.7,case_04.json,"ETA-HP (TA+EA)",120,100.00000,44.11494,84.40727,0.63213,0.12576
0.7,case_05.json,"none (no TA, no EA)",120,100.00000,34.75202,87.97940,1.00000,0.12576
0.7,case_05.json,"TA only",120,100.00000,33.79474,82.42681,1.00000,0.12576
0.7,case_05.json,"EA only",120,100.00000,41.07508,83.85549,0.56392,0.12576
0.7,case_05.json,"ETA-HP (TA+EA)",120,100.00000,39.12329,82.42681,0.56392,0.12576
0.7,case_06.json,"none (no TA, no EA)",120,100.00000,32.11643,89.09179,1.00000,0.12576
0.7,case_06.json,"TA only",120,100.00000,32.01716,86.84547,1.00000,0.12576
0.7,case_06.json,"EA only",120,100.00000,43.32514,82.61029,0.42195,0.12576
0.7,case_06.json,"ETA-HP (TA+EA)",120,100.00000,43.08930,80.77425,0.42195,0.12576
0.7,case_07.json,"none (no TA, no EA)",120,100.00000,33.25102,82.86374,1.00000,0.12576
0.7,case_07.json,"TA only",120,100.00000,33.12277,81.80145,1.00000,0.12576
0.7,case_07.json,"EA only",120,100.00000,38.10637,81.67731,0.58419,0.12576
0.7,case_07.json,"ETA-HP (TA+EA)",120,100.00000,37.90637,81.07857,0.58419,0.12576
0.7,case_08.json,"none (no TA, no EA)",120,100.00000,33.60792,85.81679,1.00000,0.12576
0.7,case_08.json,"TA only",120,100.00000,33.52722,83.31080,1.00000,0.12576
0.7,case_08.json,"EA only",120,100.00000,44.13545,79.82829,0.47545,0.12576
0.7,case_08.json,"ETA-HP (TA+EA)",120,100.00000,43.81777,78.07362,0.47545,0.12576
0.7,case_09.json,"none (no TA, no EA)",120,100.00000,34.69456,84.98460,1.00000,0.12576
0.7,case_09.json,"TA only",120,100.00000,34.69391,84.44936,1.00000,0.12576
0.7,case_09.json,"EA only",120,100.00000,44.54475,83.07461,0.53592,0.12576
0.7,case_09.json,"ETA-HP (TA+EA)",120,100.00000,44.43369,82.59175,0.53592,0.12576
0.7,case_10.json,"none (no TA, no EA)",120,100.00000,32.63614,89.17290,1.00000,0.12576
0.7,case_10.json,"TA only",120,100.00000,32.48642,88.58496,1.00000,0.12576
0.7,case_10.json,"EA only",120,100.00000,43.52506,83.44928,0.43106,0.12576
0.7,case_10.json,"ETA-HP (TA+EA)",120,100.00000,43.09024,83.41061,0.43106,0.12576
0.7,case_11.json,"none (no TA, no EA)",120,100.00000,31.73149,86.23478,1.00000,0.12576
0.7,case_11.json,"TA only",120,100.00000,31.58877,80.83637,1.00000,0.12576
0.7,case_11.json,"EA only",120,100.00000,43.19615,77.71673,0.43815,0.12576
0.7,case_11.json,"ETA-HP (TA+EA)",120,100.00000,42.84943,77.91226,0.43815,0.12576
0.7,case_12.json,"none (no TA, no EA)",120,100.00000,35.84878,84.77255,1.00000,0.12576
0.7,case_12.json,"TA only",120,100.00000,35.52103,85.49535,1.00000,0.12576
0.7,case_12.json,"EA only",120,100.00000,40.96767,84.77255,0.59068,0.12576
0.7,case_12.json,"ETA-HP (TA+EA)",120,100.00000,40.34206,85.49535,0.59068,0.12576
0.7,case_13.json,"none (no TA, no EA)",120,100.00000,36.80828,91.92930,1.00000,0.12576
0.7,case_13.json,"TA only",120,100.00000,36.55156,87.37482,1.00000,0.12576
0.7,case_13.json,"EA only",120,100.00000,44.62443,87.28594,0.64705,0.12576
0.7,case_13.json,"ETA-HP (TA+EA)",120,100.00000,44.04510,86.65526,0.64705,0.12576
0.7,case_14.json,"none (no TA, no EA)",120,100.00000,33.99810,85.12647,1.00000,0.12576
0.7,case_14.json,"TA only",120,100.00000,33.79879,82.79888,1.00000,0.12576
0.7,case_14.json,"EA only",120,100.00000,48.04651,83.18620,0.43625,0.12576
0.7,case_14.json,"ETA-HP (TA+EA)",120,100.00000,46.76200,83.38124,0.43625,0.12576
0.7,case_15.json,"none (no TA, no EA)",120,100.00000,37.56001,85.85655,1.00000,0.12576
0.7,case_15.json,"TA only",120,100.00000,36.72636,85.01633,1.00000,0.12576
0.7,case_15.json,"EA only",120,100.00000,46.17503,85.27764,0.59147,0.12576
0.7,case_15.json,"ETA-HP (TA+EA)",120,100.00000,45.30723,85.01633,0.59147,0.12576
0.7,case_16.json,"none (no TA, no EA)",120,100.00000,36.32279,85.93505,1.00000,0.12576
0.7,case_16.json,"TA only",120,100.00000,36.28800,84.77984,1.00000,0.12576
0.7,case_16.json,"EA only",120,100.00000,42.21382,85.93505,0.64348,0.12576
0.7,case_16.json,"ETA-HP (TA+EA)",120,100.00000,42.19073,84.77984,0.64348,0.12576
0.7,case_17.json,"none (no TA, no EA)",120,100.00000,31.63658,82.42277,1.00000,0.12576
0.7,case_17.json,"TA only",120,100.00000,31.55453,82.42277,1.00000,0.12576
0.7,case_17.json,"EA only",120,100.00000,42.19127,77.80073,0.42723,0.12576
0.7,case_17.json,"ETA-HP (TA+EA)",120,100.00000,41.82113,77.80073,0.42723,0.12576
0.7,case_18.json,"none (no TA, no EA)",120,100.00000,32.46804,84.63220,1.00000,0.12576
0.7,case_18.json,"TA only",120,100.00000,32.35163,83.10746,1.00000,0.12576
0.7,case_18.json,"EA only",120,100.00000,41.44727,78.65179,0.47103,0.12576
0.7,case_18.json,"ETA-HP (TA+EA)",120,100.00000,41.12269,78.16770,0.47103,0.12576
0.7,case_19.json,"none (no TA, no EA)",120,100.00000,33.05894,80.23268,1.00000,0.12576
0.7,case_19.json,"TA only",120,100.00000,33.12969,80.62746,1.00000,0.12576
0.7,case_19.json,"EA only",120,100.00000,40.33020,80.23268,0.51016,0.12576
0.7,case_19.json,"ETA-HP (TA+EA)",120,100.00000,40.51730,80.62746,0.51016,0.12576
0.7,case_20.json,"none (no TA, no EA)",120,100.00000,34.56203,85.17059,1.00000,0.12576
0.7,case_20.json,"TA only",120,100.00000,33.99904,84.49283,1.00000,0.12576
0.7,case_20.json,"EA only",120,100.00000,43.01983,81.56305,0.56517,0.12576
0.7,case_20.json,"ETA-HP (TA+EA)",120,100.00000,41.24364,81.01194,0.56517,0.12576
0.7,case_21.json,"none (no TA, no EA)",120,100.00000,37.92242,83.61823,1.00000,0.12576
0.7,case_21.json,"TA only",120,100.00000,37.70038,83.51993,1.00000,0.12576
0.7,case_21.json,"EA only",120,100.00000,42.69305,83.61823,0.66401,0.12576
0.7,case_21.json,"ETA-HP (TA+EA)",120,100.00000,42.56583,83.51993,0.66401,0.12576
0.7,case_22.json,"none (no TA, no EA)",120,100.00000,33.89728,84.60805,1.00000,0.12576
0.7,case_22.json,"TA only",120,100.00000,33.75667,81.93666,1.00000,0.12576
0.7,case_22.json,"EA only",120,100.00000,40.91316,80.14991,0.52055,0.12576
0.7,case_22.json,"ETA-HP (TA+EA)",120,100.00000,40.47325,80.12862,0.52055,0.12576
0.7,case_23.json,"none (no TA, no EA)",120,100.00000,33.31144,84.66602,1.00000,0.12576
0.7,case_23.json,"TA only",120,100.00000,33.25170,85.65420,1.00000,0.12576
0.7,case_23.json,"EA only",120,100.00000,44.22502,82.09271,0.46888,0.12576
0.7,case_23.json,"ETA-HP (TA+EA)",120,100.00000,44.05558,82.21587,0.46888,0.12576
0.7,case_24.json,"none (no TA, no EA)",120,100.00000,39.64512,91.18475,1.00000,0.12576
0.7,case_24.json,"TA only",120,100.00000,39.76044,88.26020,1.00000,0.12576
0.7,case_24.json,"EA only",120,100.00000,43.44217,91.18475,0.74084,0.12576
0.7,case_24.json,"ETA-HP (TA+EA)",120,100.00000,43.40008,88.26020,0.74084,0.12576
0.7,case_25.json,"none (no TA, no EA)",120,100.00000,35.45009,87.78003,1.00000,0.12576
0.7,case_25.json,"TA only",120,100.00000,34.80381,86.02773,1.00000,0.12576
0.7,case_25.json,"EA only",120,100.00000,42.80397,84.66160,0.58648,0.12576
0.7,case_25.json,"ETA-HP (TA+EA)",120,100.00000,42.02144,84.35161,0.58648,0.12576
0.7,case_26.json,"none (no TA, no EA)",120,100.00000,33.78937,90.87236,1.00000,0.12576
0.7,case_26.json,"TA only",120,100.00000,33.58013,87.87666,1.00000,0.12576
0.7,case_26.json,"EA only",120,100.00000,46.54963,85.45096,0.45827,0.12576
0.7,case_26.json,"ETA-HP (TA+EA)",120,100.00000,46.09424,83.16312,0.45827,0.12576
0.7,case_27.json,"none (no TA, no EA)",120,100.00000,30.63299,83.25208,1.00000,0.12576
0.7,case_27.json,"TA only",120,100.00000,30.50441,82.25144,1.00000,0.12576
0.7,case_27.json,"EA only",120,100.00000,43.88362,74.60859,0.33994,0.12576
0.7,case_27.json,"ETA-HP (TA+EA)",120,100.00000,43.12560,72.73908,0.33994,0.12576
0.7,case_28.json,"none (no TA, no EA)",120,100.00000,34.60750,84.87461,1.00000,0.12576
0.7,case_28.json,"TA only",120,100.00000,34.45404,84.09564,1.00000,0.12576
0.7,case_28.json,"EA only",120,100.00000,40.98668,82.67481,0.60749,0.12576
0.7,case_28.json,"ETA-HP (TA+EA)",120,100.00000,40.57789,81.71702,0.60749,0.12576
0.7,case_29.json,"none (no TA, no EA)",120,100.00000,31.21858,84.77371,1.00000,0.12576
0.7,case_29.json,"TA only",120,100.00000,31.13032,84.60920,1.00000,0.12576
0.7,case_29.json,"EA only",120,100.00000,39.00160,75.69647,0.42894,0.12576
0.7,case_29.json,"ETA-HP (TA+EA)",120,100.00000,38.94496,74.98887,0.42894,0.12576
0.7,case_30.json,"none (no TA, no EA)",120,100.00000,32.95312,93.95970,1.00000,0.12576
0.7,case_30.json,"TA only",120,100.00000,32.34767,88.32150,1.00000,0.12576
0.7,case_30.json,"EA only",120,100.00000,44.03458,88.47537,0.45793,0.12576
0.7,case_30.json,"ETA-HP (TA+EA)",120,100.00000,42.11783,87.42935,0.45793,0.12576
0.7,case_31.json,"none (no TA, no EA)",120,100.00000,31.81658,85.30025,1.00000,0.12576
0.7,case_31.json,"TA only",120,100.00000,31.66429,82.43314,1.00000,0.12576
0.7,case_31.json,"EA only",120,100.00000,47.19174,75.78964,0.36405,0.12576
0.7,case_31.json,"ETA-HP (TA+EA)",120,100.00000,46.53872,76.33528,0.36405,0.12576
0.7,case_32.json,"none (no TA, no EA)",120,100.00000,34.97893,84.36153,1.00000,0.12576
0.7,case_32.json,"TA only",120,100.00000,34.78659,84.34729,1.00000,0.12576
0.7,case_32.json,"EA only",120,100.00000,43.44088,79.25533,0.58833,0.12576
0.7,case_32.json,"ETA-HP (TA+EA)",120,100.00000,43.22919,79.24542,0.58833,0.12576
0.7,case_33.json,"none (no TA, no EA)",120,100.00000,30.78726,85.43555,1.00000,0.12576
0.7,case_33.json,"TA only",120,100.00000,30.79974,82.50898,1.00000,0.12576
0.7,case_33.json,"EA only",120,100.00000,38.45462,80.18811,0.43315,0.12576
0.7,case_33.json,"ETA-HP (TA+EA)",120,100.00000,38.38590,77.36083,0.43315,0.12576
0.7,case_34.json,"none (no TA, no EA)",120,100.00000,30.11780,84.78072,1.00000,0.12576
0.7,case_34.json,"TA only",120,100.00000,30.07107,84.29663,1.00000,0.12576
0.7,case_34.json,"EA only",120,100.00000,43.80764,71.83047,0.30778,0.12576
0.7,case_34.json,"ETA-HP (TA+EA)",120,100.00000,43.45867,71.91595,0.30778,0.12576
0.7,case_35.json,"none (no TA, no EA)",120,100.00000,36.66327,90.95692,1.00000,0.12576
0.7,case_35.json,"TA only",120,100.00000,36.86120,85.30505,1.00000,0.12576
0.7,case_35.json,"EA only",120,100.00000,42.29713,88.51094,0.63703,0.12576
0.7,case_35.json,"ETA-HP (TA+EA)",120,100.00000,42.57281,85.30505,0.63703,0.12576
0.7,case_36.json,"none (no TA, no EA)",120,100.00000,35.71564,90.12481,1.00000,0.12576
0.7,case_36.json,"TA only",120,100.00000,35.84027,89.67676,1.00000,0.12576
0.7,case_36.json,"EA only",120,100.00000,42.27441,90.12481,0.53047,0.12576
0.7,case_36.json,"ETA-HP (TA+EA)",120,100.00000,42.36399,89.67676,0.53047,0.12576
0.7,case_37.json,"none (no TA, no EA)",120,100.00000,32.73320,90.97147,1.00000,0.12576
0.7,case_37.json,"TA only",120,100.00000,33.00174,89.56428,1.00000,0.12576
0.7,case_37.json,"EA only",120,100.00000,42.07132,84.17539,0.49966,0.12576
0.7,case_37.json,"ETA-HP (TA+EA)",120,100.00000,42.82779,83.57658,0.49966,0.12576
0.7,case_38.json,"none (no TA, no EA)",120,100.00000,36.95609,90.58378,1.00000,0.12576
0.7,case_38.json,"TA only",120,100.00000,36.84997,90.31587,1.00000,0.12576
0.7,case_38.json,"EA only",120,100.00000,43.93401,90.58378,0.55964,0.12576
0.7,case_38.json,"ETA-HP (TA+EA)",120,100.00000,44.68812,90.31587,0.55964,0.12576
0.7,case_39.json,"none (no TA, no EA)",120,100.00000,37.30854,87.78858,1.00000,0.12576
0.7,case_39.json,"TA only",120,100.00000,37.00928,86.50752,1.00000,0.12576
0.7,case_39.json,"EA only",120,100.00000,44.80110,86.48276,0.56705,0.12576
0.7,case_39.json,"ETA-HP (TA+EA)",120,100.00000,44.67735,86.50752,0.56705,0.12576
0.7,case_40.json,"none (no TA, no EA)",120,100.00000,37.36144,89.31571,1.00000,0.12576
0.7,case_40.json,"TA only",120,100.00000,36.67825,90.00684,1.00000,0.12576
0.7,case_40.json,"EA only",120,100.00000,46.71710,89.31571,0.61604,0.12576
0.7,case_40.json,"ETA-HP (TA+EA)",120,100.00000,45.66334,90.00684,0.61604,0.12576
0.7,case_41.json,"none (no TA, no EA)",120,100.00000,32.66521,83.61680,1.00000,0.12576
0.7,case_41.json,"TA only",120,100.00000,32.45854,81.38701,1.00000,0.12576
0.7,case_41.json,"EA only",120,100.00000,38.33607,83.61680,0.49617,0.12576
0.7,case_41.json,"ETA-HP (TA+EA)",120,100.00000,38.34388,81.38701,0.49617,0.12576
0.7,case_42.json,"none (no TA, no EA)",120,100.00000,32.52541,85.81948,1.00000,0.12576
0.7,case_42.json,"TA only",120,100.00000,32.27471,82.34751,1.00000,0.12576
0.7,case_42.json,"EA only",120,100.00000,44.06673,80.64271,0.44469,0.12576
0.7,case_42.json,"ETA-HP (TA+EA)",120,100.00000,43.06521,80.59148,0.44469,0.12576
0.7,case_43.json,"none (no TA, no EA)",120,100.00000,36.35611,84.02945,1.00000,0.12576
0.7,case_43.json,"TA only",120,100.00000,36.17151,83.95704,1.00000,0.12576
0.7,case_43.json,"EA only",120,100.00000,45.95413,79.97793,0.59093,0.12576
0.7,case_43.json,"ETA-HP (TA+EA)",120,100.00000,45.46311,79.95531,0.59093,0.12576
0.7,case_44.json,"none (no TA, no EA)",120,100.00000,37.42785,94.67796,1.00000,0.12576
0.7,case_44.json,"TA only",120,100.00000,36.85975,93.76549,1.00000,0.12576
0.7,case_44.json,"EA only",120,100.00000,45.57641,94.67796,0.55591,0.12576
0.7,case_44.json,"ETA-HP (TA+EA)",120,100.00000,44.59784,93.76549,0.55591,0.12576
0.7,case_45.json,"none (no TA, no EA)",120,100.00000,34.76255,85.58930,1.00000,0.12576
0.7,case_45.json,"TA only",120,100.00000,34.53969,85.79423,1.00000,0.12576
0.7,case_45.json,"EA only",120,100.00000,40.15255,85.58930,0.53794,0.12576
0.7,case_45.json,"ETA-HP (TA+EA)",120,100.00000,40.15672,85.79423,0.53794,0.12576
0.7,case_46.json,"none (no TA, no EA)",120,100.00000,35.16027,92.04434,1.00000,0.12576
0.7,case_46.json,"TA only",120,100.00000,34.89265,87.36997,1.00000,0.12576
0.7,case_46.json,"EA only",120,100.00000,44.82842,92.04434,0.57899,0.12576
0.7,case_46.json,"ETA-HP (TA+EA)",120,100.00000,43.47908,87.36997,0.57899,0.12576
0.7,case_47.json,"none (no TA, no EA)",120,100.00000,30.75757,86.83678,1.00000,0.12576
0.7,case_47.json,"TA only",120,100.00000,30.61402,83.03459,1.00000,0.12576
0.7,case_47.json,"EA only",120,100.00000,43.50893,75.34947,0.35696,0.12576
0.7,case_47.json,"ETA-HP (TA+EA)",120,100.00000,42.84214,74.08671,0.35696,0.12576
0.7,case_48.json,"none (no TA, no EA)",120,100.00000,36.31644,91.17393,1.00000,0.12576
0.7,case_48.json,"TA only",120,100.00000,35.59745,89.52191,1.00000,0.12576
0.7,case_48.json,"EA only",120,100.00000,44.54887,91.17393,0.57137,0.12576
0.7,case_48.json,"ETA-HP (TA+EA)",120,100.00000,43.53410,89.52191,0.57137,0.12576
0.7,case_49.json,"none (no TA, no EA)",120,100.00000,32.73223,88.18555,1.00000,0.12576
0.7,case_49.json,"TA only",120,100.00000,32.78975,83.61386,1.00000,0.12576
0.7,case_49.json,"EA only",120,100.00000,45.75083,79.58313,0.45230,0.12576
0.7,case_49.json,"ETA-HP (TA+EA)",120,100.00000,45.94269,78.25436,0.45230,0.12576
0.8,case_00.json,"none (no TA, no EA)",120,100.00000,37.14510,88.86589,1.00000,0.12576
0.8,case_00.json,"TA only",120,100.00000,36.63892,87.17899,1.00000,0.12576
0.8,case_00.json,"EA only",120,100.00000,53.49861,82.73529,0.53237,0.12576
0.8,case_00.json,"ETA-HP (TA+EA)",120,100.00000,52.29546,82.96839,0.53237,0.12576
0.8,case_01.json,"none (no TA, no EA)",120,100.00000,36.81163,86.92192,1.00000,0.12576
0.8,case_01.json,"TA only",120,100.00000,36.67477,84.87684,1.00000,0.12576
0.8,case_01.json,"EA only",120,100.00000,49.81147,83.15311,0.52651,0.12576
0.8,case_01.json,"ETA-HP (TA+EA)",120,100.00000,49.26476,82.52362,0.52651,0.12576
0.8,case_02.json,"none (no TA, no EA)",120,100.00000,35.93177,88.36502,1.00000,0.12576
0.8,case_02.json,"TA only",120,100.00000,35.81598,83.92673,1.00000,0.12576
0.8,case_02.json,"EA only",120,100.00000,51.39157,78.05058,0.50013,0.12576
0.8,case_02.json,"ETA-HP (TA+EA)",120,100.00000,49.75087,77.43029,0.50013,0.12576
0.8,case_03.json,"none (no TA, no EA)",120,100.00000,38.74876,90.78682,1.00000,0.12576
0.8,case_03.json,"TA only",120,100.00000,38.89340,90.56358,1.00000,0.12576
0.8,case_03.json,"EA only",120,100.00000,47.96831,90.78682,0.62696,0.12576
0.8,case_03.json,"ETA-HP (TA+EA)",120,100.00000,48.23833,90.56358,0.62696,0.12576
0.8,case_04.json,"none (no TA, no EA)",120,100.00000,38.05867,86.33747,1.00000,0.12576
0.8,case_04.json,"TA only",120,100.00000,36.68536,84.34632,1.00000,0.12576
0.8,case_04.json,"EA only",120,100.00000,43.73369,83.86329,0.64358,0.12576
0.8,case_04.json,"ETA-HP (TA+EA)",120,100.00000,42.06805,83.43329,0.64358,0.12576
0.8,case_05.json,"none (no TA, no EA)",120,100.00000,39.29491,88.84364,1.00000,0.12576
0.8,case_05.json,"TA only",120,100.00000,39.37331,85.53557,1.00000,0.12576
0.8,case_05.json,"EA only",120,100.00000,47.21842,88.84364,0.68930,0.12576
0.8,case_05.json,"ETA-HP (TA+EA)",120,100.00000,47.41372,85.53557,0.68930,0.12576
0.8,case_06.json,"none (no TA, no EA)",120,100.00000,37.47246,91.97700,1.00000,0.12576
0.8,case_06.json,"TA only",120,100.00000,36.66328,89.75388,1.00000,0.12576
0.8,case_06.json,"EA only",120,100.00000,51.37530,88.80690,0.52983,0.12576
0.8,case_06.json,"ETA-HP (TA+EA)",120,100.00000,50.28205,88.45664,0.52983,0.12576
0.8,case_07.json,"none (no TA, no EA)",120,100.00000,36.79677,85.52377,1.00000,0.12576
0.8,case_07.json,"TA only",120,100.00000,36.26837,85.49849,1.00000,0.12576
0.8,case_07.json,"EA only",120,100.00000,46.50958,85.52377,0.54244,0.12576
0.8,case_07.json,"ETA-HP (TA+EA)",120,100.00000,46.26780,85.49849,0.54244,0.12576
0.8,case_08.json,"none (no TA, no EA)",120,100.00000,35.27753,87.95090,1.00000,0.12576
0.8,case_08.json,"TA only",120,100.00000,35.32198,87.01051,1.00000,0.12576
0.8,case_08.json,"EA only",120,100.00000,52.25380,81.74460,0.47218,0.12576
0.8,case_08.json,"ETA-HP (TA+EA)",120,100.00000,52.29379,81.19415,0.47218,0.12576
0.8,case_09.json,"none (no TA, no EA)",120,100.00000,36.31538,85.15674,1.00000,0.12576
0.8,case_09.json,"TA only",120,100.00000,36.15167,85.12573,1.00000,0.12576
0.8,case_09.json,"EA only",120,100.00000,46.89674,82.59608,0.51449,0.12576
0.8,case_09.json,"ETA-HP (TA+EA)",120,100.00000,46.44063,82.59608,0.51449,0.12576
0.8,case_10.json,"none (no TA, no EA)",120,100.00000,35.55982,87.10706,1.00000,0.12576
0.8,case_10.json,"TA only",120,100.00000,35.49200,86.85451,1.00000,0.12576
0.8,case_10.json,"EA only",120,100.00000,43.65562,87.10706,0.51471,0.12576
0.8,case_10.json,"ETA-HP (TA+EA)",120,100.00000,43.53368,86.85451,0.51471,0.12576
0.8,case_11.json,"none (no TA, no EA)",120,100.00000,36.37996,89.81091,1.00000,0.12576
0.8,case_11.json,"TA only",120,100.00000,36.57361,86.42705,1.00000,0.12576
0.8,case_11.json,"EA only",120,100.00000,46.91723,80.80075,0.62756,0.12576
0.8,case_11.json,"ETA-HP (TA+EA)",120,100.00000,46.62481,80.14909,0.62756,0.12576
0.8,case_12.json,"none (no TA, no EA)",120,100.00000,40.92552,90.40454,1.00000,0.12576
0.8,case_12.json,"TA only",120,100.00000,39.91906,85.97186,1.00000,0.12576
0.8,case_12.json,"EA only",120,100.00000,47.75075,85.78818,0.72814,0.12576
0.8,case_12.json,"ETA-HP (TA+EA)",120,100.00000,45.94009,85.79178,0.72814,0.12576
0.8,case_13.json,"none (no TA, no EA)",120,100.00000,38.19293,92.66725,1.00000,0.12576
0.8,case_13.json,"TA only",120,100.00000,37.99084,90.85050,1.00000,0.12576
0.8,case_13.json,"EA only",120,100.00000,47.21194,90.85050,0.64249,0.12576
0.8,case_13.json,"ETA-HP (TA+EA)",120,100.00000,46.87964,90.85050,0.64249,0.12576
0.8,case_14.json,"none (no TA, no EA)",120,100.00000,36.32156,83.84963,1.00000,0.12576
0.8,case_14.json,"TA only",120,100.00000,35.94081,84.07016,1.00000,0.12576
0.8,case_14.json,"EA only",120,100.00000,44.84219,83.84963,0.60162,0.12576
0.8,case_14.json,"ETA-HP (TA+EA)",120,100.00000,45.07150,84.07016,0.60162,0.12576
0.8,case_15.json,"none (no TA, no EA)",120,100.00000,37.27019,88.42823,1.00000,0.12576
0.8,case_15.json,"TA only",120,100.00000,37.45492,87.59616,1.00000,0.12576
0.8,case_15.json,"EA only",120,100.00000,45.12036,83.86488,0.61821,0.12576
0.8,case_15.json,"ETA-HP (TA+EA)",120,100.00000,45.39576,84.90854,0.61821,0.12576
0.8,case_16.json,"none (no TA, no EA)",120,100.00000,35.38617,86.96443,1.00000,0.12576
0.8,case_16.json,"TA only",120,100.00000,34.86390,86.46158,1.00000,0.12576
0.8,case_16.json,"EA only",120,100.00000,45.94317,80.86828,0.53781,0.12576
0.8,case_16.json,"ETA-HP (TA+EA)",120,100.00000,44.88076,80.83065,0.53781,0.12576
0.8,case_17.json,"none (no TA, no EA)",120,100.00000,42.62687,87.89873,1.00000,0.12576
0.8,case_17.json,"TA only",120,100.00000,42.14780,87.30989,1.00000,0.12576
0.8,case_17.json,"EA only",120,100.00000,47.15695,84.34896,0.79956,0.12576
0.8,case_17.json,"ETA-HP (TA+EA)",120,100.00000,46.63682,84.62877,0.79956,0.12576
0.8,case_18.json,"none (no TA, no EA)",120,100.00000,40.63807,88.96529,1.00000,0.12576
0.8,case_18.json,"TA only",120,100.00000,39.97696,84.96443,1.00000,0.12576
0.8,case_18.json,"EA only",120,100.00000,55.63618,82.52049,0.61676,0.12576
0.8,case_18.json,"ETA-HP (TA+EA)",120,100.00000,53.45118,82.52049,0.61676,0.12576
0.8,case_19.json,"none (no TA, no EA)",120,100.00000,35.79653,84.99796,1.00000,0.12576
0.8,case_19.json,"TA only",120,100.00000,35.47548,84.63648,1.00000,0.12576
0.8,case_19.json,"EA only",120,100.00000,50.89526,81.85542,0.48720,0.12576
0.8,case_19.json,"ETA-HP (TA+EA)",120,100.00000,50.26543,81.85134,0.48720,0.12576
0.8,case_20.json,"none (no TA, no EA)",120,100.00000,37.02204,84.48914,1.00000,0.12576
0.8,case_20.json,"TA only",120,100.00000,37.19671,80.31465,1.00000,0.12576
0.8,case_20.json,"EA only",120,100.00000,47.01500,83.11824,0.60138,0.12576
0.8,case_20.json,"ETA-HP (TA+EA)",120,100.00000,47.68245,82.23591,0.60138,0.12576
0.8,case_21.json,"none (no TA, no EA)",120,100.00000,39.35690,88.97993,1.00000,0.12576
0.8,case_21.json,"TA only",120,100.00000,38.18561,88.97744,1.00000,0.12576
0.8,case_21.json,"EA only",120,100.00000,47.56116,88.97993,0.64568,0.12576
0.8,case_21.json,"ETA-HP (TA+EA)",120,100.00000,45.87374,88.97744,0.64568,0.12576
0.8,case_22.json,"none (no TA, no EA)",120,100.00000,42.37850,87.96213,1.00000,0.12576
0.8,case_22.json,"TA only",120,100.00000,40.98904,86.53285,1.00000,0.12576
0.8,case_22.json,"EA only",120,100.00000,55.07820,86.22103,0.67611,0.12576
0.8,case_22.json,"ETA-HP (TA+EA)",120,100.00000,52.74815,86.53285,0.67611,0.12576
0.8,case_23.json,"none (no TA, no EA)",120,100.00000,39.68495,88.14290,1.00000,0.12576
0.8,case_23.json,"TA only",120,100.00000,38.75729,84.24748,1.00000,0.12576
0.8,case_23.json,"EA only",120,100.00000,49.34234,83.91027,0.62053,0.12576
0.8,case_23.json,"ETA-HP (TA+EA)",120,100.00000,48.65180,83.94685,0.62053,0.12576
0.8,case_24.json,"none (no TA, no EA)",120,100.00000,40.57259,85.67681,1.00000,0.12576
0.8,case_24.json,"TA only",120,100.00000,39.62113,83.78521,1.00000,0.12576
0.8,case_24.json,"EA only",120,100.00000,46.70581,85.67681,0.70814,0.12576
0.8,case_24.json,"ETA-HP (TA+EA)",120,100.00000,45.91850,83.78521,0.70814,0.12576
0.8,case_25.json,"none (no TA, no EA)",120,100.00000,35.04270,80.09161,1.00000,0.12576
0.8,case_25.json,"TA only",120,100.00000,35.05719,80.90389,1.00000,0.12576
0.8,case_25.json,"EA only",120,100.00000,49.24961,76.20732,0.48379,0.12576
0.8,case_25.json,"ETA-HP (TA+EA)",120,100.00000,49.25244,76.20732,0.48379,0.12576
0.8,case_26.json,"none (no TA, no EA)",120,100.00000,37.98694,87.30972,1.00000,0.12576
0.8,case_26.json,"TA only",120,100.00000,37.75376,86.33355,1.00000,0.12576
0.8,case_26.json,"EA only",120,100.00000,46.07077,87.30972,0.62281,0.12576
0.8,case_26.json,"ETA-HP (TA+EA)",120,100.00000,45.59556,86.33355,0.62281,0.12576
0.8,case_27.json,"none (no TA, no EA)",120,100.00000,34.66097,84.44940,1.00000,0.12576
0.8,case_27.json,"TA only",120,100.00000,34.21311,83.29952,1.00000,0.12576
0.8,case_27.json,"EA only",120,100.00000,49.13515,78.43819,0.47332,0.12576
0.8,case_27.json,"ETA-HP (TA+EA)",120,100.00000,47.95925,78.32053,0.47332,0.12576
0.8,case_28.json,"none (no TA, no EA)",120,100.00000,37.17998,82.54686,1.00000,0.12576
0.8,case_28.json,"TA only",120,100.00000,36.76147,82.41915,1.00000,0.12576
0.8,case_28.json,"EA only",120,100.00000,49.44469,82.49022,0.54717,0.12576
0.8,case_28.json,"ETA-HP (TA+EA)",120,100.00000,48.88741,82.41915,0.54717,0.12576
0.8,case_29.json,"none (no TA, no EA)",120,100.00000,34.26793,87.86352,1.00000,0.12576
0.8,case_29.json,"TA only",120,100.00000,33.85615,83.87363,1.00000,0.12576
0.8,case_29.json,"EA only",120,100.00000,46.53139,77.72553,0.49407,0.12576
0.8,case_29.json,"ETA-HP (TA+EA)",120,100.00000,45.36291,77.29814,0.49407,0.12576
0.8,case_30.json,"none (no TA, no EA)",120,100.00000,35.27485,88.19135,1.00000,0.12576
0.8,case_30.json,"TA only",120,100.00000,34.78350,86.34457,1.00000,0.12576
0.8,case_30.json,"EA only",120,100.00000,44.70505,84.55093,0.58045,0.12576
0.8,case_30.json,"ETA-HP (TA+EA)",120,100.00000,43.89118,82.50807,0.58045,0.12576
0.8,case_31.json,"none (no TA, no EA)",120,100.00000,39.23685,86.57165,1.00000,0.12576
0.8,case_31.json,"TA only",120,100.00000,39.21324,85.06010,1.00000,0.12576
0.8,case_31.json,"EA only",120,100.00000,48.64641,86.57165,0.72032,0.12576
0.8,case_31.json,"ETA-HP (TA+EA)",120,100.00000,48.50605,85.06010,0.72032,0.12576
0.8,case_32.json,"none (no TA, no EA)",120,100.00000,38.88264,86.50330,1.00000,0.12576
0.8,case_32.json,"TA only",120,100.00000,38.03457,85.36192,1.00000,0.12576
0.8,case_32.json,"EA only",120,100.00000,47.25480,86.50330,0.66952,0.12576
0.8,case_32.json,"ETA-HP (TA+EA)",120,100.00000,44.94441,85.36192,0.66952,0.12576
0.8,case_33.json,"none (no TA, no EA)",120,100.00000,36.55566,89.74676,1.00000,0.12576
0.8,case_33.json,"TA only",120,100.00000,36.40300,87.66524,1.00000,0.12576
0.8,case_33.json,"EA only",120,100.00000,48.46775,86.50860,0.53281,0.12576
0.8,case_33.json,"ETA-HP (TA+EA)",120,100.00000,48.32301,84.61849,0.53281,0.12576
0.8,case_34.json,"none (no TA, no EA)",120,100.00000,36.83221,86.58647,1.00000,0.12576
0.8,case_34.json,"TA only",120,100.00000,36.72886,86.57441,1.00000,0.12576
0.8,case_34.json,"EA only",120,100.00000,43.13407,86.58647,0.62338,0.12576
0.8,case_34.json,"ETA-HP (TA+EA)",120,100.00000,43.20989,86.57441,0.62338,0.12576
0.8,case_35.json,"none (no TA, no EA)",120,100.00000,35.45115,86.61720,1.00000,0.12576
0.8,case_35.json,"TA only",120,100.00000,35.35053,82.69902,1.00000,0.12576
0.8,case_35.json,"EA only",120,100.00000,48.51356,80.53081,0.48985,0.12576
0.8,case_35.json,"ETA-HP (TA+EA)",120,100.00000,48.64969,80.02638,0.48985,0.12576
0.8,case_36.json,"none (no TA, no EA)",120,100.00000,34.50269,82.36488,1.00000,0.12576
0.8,case_36.json,"TA only",120,100.00000,34.63193,81.10267,1.00000,0.12576
0.8,case_36.json,"EA only",120,100.00000,42.42765,82.36488,0.53140,0.12576
0.8,case_36.json,"ETA-HP (TA+EA)",120,100.00000,43.05826,81.10267,0.53140,0.12576
0.8,case_37.json,"none (no TA, no EA)",120,100.00000,35.57231,86.46432,1.00000,0.12576
0.8,case_37.json,"TA only",120,100.00000,35.55117,84.83420,1.00000,0.12576
0.8,case_37.json,"EA only",120,100.00000,48.09426,78.59952,0.52950,0.12576
0.8,case_37.json,"ETA-HP (TA+EA)",120,100.00000,48.19975,78.59952,0.52950,0.12576
0.8,case_38.json,"none (no TA, no EA)",120,100.00000,33.31527,88.65221,1.00000,0.12576
0.8,case_38.json,"TA only",120,100.00000,33.70131,86.45110,1.00000,0.12576
0.8,case_38.json,"EA only",120,100.00000,40.46149,88.65221,0.52044,0.12576
0.8,case_38.json,"ETA-HP (TA+EA)",120,100.00000,40.69917,86.45110,0.52044,0.12576
0.8,case_39.json,"none (no TA, no EA)",120,100.00000,35.20524,91.50511,1.00000,0.12576
0.8,case_39.json,"TA only",120,100.00000,35.37272,90.47418,1.00000,0.12576
0.8,case_39.json,"EA only",120,100.00000,46.99201,88.18950,0.49984,0.12576
0.8,case_39.json,"ETA-HP (TA+EA)",120,100.00000,46.83781,88.16454,0.49984,0.12576
0.8,case_40.json,"none (no TA, no EA)",120,100.00000,36.76083,82.98984,1.00000,0.12576
0.8,case_40.json,"TA only",120,100.00000,36.59688,82.76275,1.00000,0.12576
0.8,case_40.json,"EA only",120,100.00000,42.93284,82.98984,0.63789,0.12576
0.8,case_40.json,"ETA-HP (TA+EA)",120,100.00000,43.01743,82.76275,0.63789,0.12576
0.8,case_41.json,"none (no TA, no EA)",120,100.00000,36.22358,88.17983,1.00000,0.12576
0.8,case_41.json,"TA only",120,100.00000,35.51893,87.54496,1.00000,0.12576
0.8,case_41.json,"EA only",120,100.00000,48.73117,85.31291,0.50231,0.12576
0.8,case_41.json,"ETA-HP (TA+EA)",120,100.00000,46.47437,85.67843,0.50231,0.12576
0.8,case_42.json,"none (no TA, no EA)",120,100.00000,35.92719,88.57038,1.00000,0.12576
0.8,case_42.json,"TA only",120,100.00000,35.40303,86.37148,1.00000,0.12576
0.8,case_42.json,"EA only",120,100.00000,48.65080,83.48943,0.53326,0.12576
0.8,case_42.json,"ETA-HP (TA+EA)",120,100.00000,47.39489,82.88310,0.53326,0.12576
0.8,case_43.json,"none (no TA, no EA)",120,100.00000,36.20337,87.58825,1.00000,0.12576
0.8,case_43.json,"TA only",120,100.00000,36.19012,88.21229,1.00000,0.12576
0.8,case_43.json,"EA only",120,100.00000,50.19124,77.58854,0.50101,0.12576
0.8,case_43.json,"ETA-HP (TA+EA)",120,100.00000,50.34495,78.25046,0.50101,0.12576
0.8,case_44.json,"none (no TA, no EA)",120,100.00000,37.25138,92.69753,1.00000,0.12576
0.8,case_44.json,"TA only",120,100.00000,36.81711,89.01305,1.00000,0.12576
0.8,case_44.json,"EA only",120,100.00000,52.72450,83.20456,0.53986,0.12576
0.8,case_44.json,"ETA-HP (TA+EA)",120,100.00000,51.38811,81.86146,0.53986,0.12576
0.8,case_45.json,"none (no TA, no EA)",120,100.00000,37.72661,86.47981,1.00000,0.12576
0.8,case_45.json,"TA only",120,100.00000,37.98084,86.38063,1.00000,0.12576
0.8,case_45.json,"EA only",120,100.00000,44.94416,86.47981,0.68114,0.12576
0.8,case_45.json,"ETA-HP (TA+EA)",120,100.00000,45.45178,86.38063,0.68114,0.12576
0.8,case_46.json,"none (no TA, no EA)",120,100.00000,37.42591,92.15536,1.00000,0.12576
0.8,case_46.json,"TA only",120,100.00000,37.17423,91.37325,1.00000,0.12576
0.8,case_46.json,"EA only",120,100.00000,44.91035,92.15536,0.62842,0.12576
0.8,case_46.json,"ETA-HP (TA+EA)",120,100.00000,44.79060,88.75460,0.62842,0.12576
0.8,case_47.json,"none (no TA, no EA)",120,100.00000,39.45449,87.65318,1.00000,0.12576
0.8,case_47.json,"TA only",120,100.00000,39.41076,86.77964,1.00000,0.12576
0.8,case_47.json,"EA only",120,100.00000,46.35096,87.65318,0.69970,0.12576
0.8,case_47.json,"ETA-HP (TA+EA)",120,100.00000,46.23391,86.77964,0.69970,0.12576
0.8,case_48.json,"none (no TA, no EA)",120,100.00000,39.47512,88.90367,1.00000,0.12576
0.8,case_48.json,"TA only",120,100.00000,38.13899,87.41098,1.00000,0.12576
0.8,case_48.json,"EA only",120,100.00000,51.31454,85.78389,0.62469,0.12576
0.8,case_48.json,"ETA-HP (TA+EA)",120,100.00000,49.13484,85.70451,0.62469,0.12576
0.8,case_49.json,"none (no TA, no EA)",120,100.00000,36.83831,84.46386,1.00000,0.12576
0.8,case_49.json,"TA only",120,100.00000,36.01432,84.50276,1.00000,0.12576
0.8,case_49.json,"EA only",120,100.00000,42.37382,84.46386,0.60889,0.12576
0.8,case_49.json,"ETA-HP (TA+EA)",120,100.00000,41.79135,84.50276,0.60889,0.12576
0.9,case_00.json,"none (no TA, no EA)",120,100.00000,48.70573,90.08658,1.00000,0.15091
0.9,case_00.json,"TA only",120,100.00000,47.48643,90.08658,1.00000,0.15091
0.9,case_00.json,"EA only",120,100.00000,51.85234,90.08658,0.86513,0.15091
0.9,case_00.json,"ETA-HP (TA+EA)",120,100.00000,50.54069,90.08658,0.86513,0.15091
0.9,case_01.json,"none (no TA, no EA)",120,100.00000,38.98544,88.90689,1.00000,0.12576
0.9,case_01.json,"TA only",120,100.00000,38.26409,85.33154,1.00000,0.12576
0.9,case_01.json,"EA only",120,100.00000,49.70224,88.90689,0.63082,0.12576
0.9,case_01.json,"ETA-HP (TA+EA)",120,100.00000,48.57525,85.33154,0.63082,0.12576
0.9,case_02.json,"none (no TA, no EA)",120,100.00000,43.13274,88.78869,1.00000,0.13834
0.9,case_02.json,"TA only",120,100.00000,42.72354,88.78869,1.00000,0.13834
0.9,case_02.json,"EA only",120,100.00000,55.58116,85.42059,0.64555,0.13834
0.9,case_02.json,"ETA-HP (TA+EA)",120,100.00000,55.55090,85.60393,0.64555,0.13834
0.9,case_03.json,"none (no TA, no EA)",120,100.00000,41.35147,86.48276,1.00000,0.12995
0.9,case_03.json,"TA only",120,100.00000,40.92704,84.76949,1.00000,0.12995
0.9,case_03.json,"EA only",120,100.00000,52.61937,83.98022,0.61304,0.12995
0.9,case_03.json,"ETA-HP (TA+EA)",120,100.00000,51.99015,83.98022,0.61304,0.12995
0.9,case_04.json,"none (no TA, no EA)",120,100.00000,41.41012,88.42875,1.00000,0.13834
0.9,case_04.json,"TA only",120,100.00000,40.79161,83.78946,1.00000,0.13834
0.9,case_04.json,"EA only",120,100.00000,50.20614,84.04408,0.65229,0.13834
0.9,case_04.json,"ETA-HP (TA+EA)",120,100.00000,49.05116,82.57338,0.65229,0.13834
0.9,case_05.json,"none (no TA, no EA)",120,100.00000,34.84144,84.32115,1.00000,0.12576
0.9,case_05.json,"TA only",120,100.00000,34.66105,82.51888,1.00000,0.12576
0.9,case_05.json,"EA only",120,100.00000,49.96617,79.84117,0.47894,0.12576
0.9,case_05.json,"ETA-HP (TA+EA)",120,100.00000,49.73262,77.56622,0.47894,0.12576
0.9,case_06.json,"none (no TA, no EA)",120,100.00000,45.04671,84.08649,1.00000,0.12576
0.9,case_06.json,"TA only",120,100.00000,45.05385,84.08649,1.00000,0.12576
0.9,case_06.json,"EA only",120,100.00000,54.55298,84.08649,0.70941,0.12576
0.9,case_06.json,"ETA-HP (TA+EA)",120,100.00000,54.45523,84.08649,0.70941,0.12576
0.9,case_07.json,"none (no TA, no EA)",120,100.00000,43.30196,87.92496,1.00000,0.12576
0.9,case_07.json,"TA only",120,100.00000,43.11964,87.92496,1.00000,0.12576
0.9,case_07.json,"EA only",120,100.00000,54.46721,87.92496,0.64143,0.12576
0.9,case_07.json,"ETA-HP (TA+EA)",120,100.00000,54.43909,87.92496,0.64143,0.12576
0.9,case_08.json,"none (no TA, no EA)",120,100.00000,45.56533,88.45783,1.00000,0.13205
0.9,case_08.json,"TA only",120,100.00000,45.62733,88.23817,1.00000,0.13205
0.9,case_08.json,"EA only",120,100.00000,48.61733,88.45783,0.78536,0.13834
0.9,case_08.json,"ETA-HP (TA+EA)",120,100.00000,48.67227,88.23817,0.78536,0.13834
0.9,case_09.json,"none (no TA, no EA)",120,100.00000,45.00019,88.91100,1.00000,0.12576
0.9,case_09.json,"TA only",120,100.00000,44.55480,88.16003,1.00000,0.12576
0.9,case_09.json,"EA only",120,100.00000,56.05940,85.99609,0.70813,0.12576
0.9,case_09.json,"ETA-HP (TA+EA)",120,100.00000,55.76563,85.42994,0.70813,0.12576
0.9,case_10.json,"none (no TA, no EA)",120,100.00000,38.00631,88.34484,1.00000,0.12576
0.9,case_10.json,"TA only",120,100.00000,38.27693,83.51085,1.00000,0.12576
0.9,case_10.json,"EA only",120,100.00000,47.76959,84.88306,0.64176,0.12576
0.9,case_10.json,"ETA-HP (TA+EA)",120,100.00000,47.55378,83.51085,0.64176,0.12576
0.9,case_11.json,"none (no TA, no EA)",120,100.00000,41.41899,90.68061,1.00000,0.12576
0.9,case_11.json,"TA only",120,100.00000,41.26656,86.56755,1.00000,0.12576
0.9,case_11.json,"EA only",120,100.00000,50.04252,90.68061,0.69497,0.12576
0.9,case_11.json,"ETA-HP (TA+EA)",120,100.00000,49.89736,86.56755,0.69497,0.12576
0.9,case_12.json,"none (no TA, no EA)",120,100.00000,40.55854,87.83396,1.00000,0.12576
0.9,case_12.json,"TA only",120,100.00000,40.02654,87.83396,1.00000,0.12576
0.9,case_12.json,"EA only",120,100.00000,50.87462,79.38870,0.64516,0.12576
0.9,case_12.json,"ETA-HP (TA+EA)",120,100.00000,50.17478,79.01651,0.64516,0.12576
0.9,case_13.json,"none (no TA, no EA)",120,100.00000,41.99578,86.52406,1.00000,0.12576
0.9,case_13.json,"TA only",120,100.00000,41.58061,85.75478,1.00000,0.12576
0.9,case_13.json,"EA only",120,100.00000,47.15446,86.52406,0.74449,0.12576
0.9,case_13.json,"ETA-HP (TA+EA)",120,100.00000,46.74470,85.75478,0.74449,0.12576
0.9,case_14.json,"none (no TA, no EA)",120,100.00000,42.52723,85.95520,1.00000,0.12576
0.9,case_14.json,"TA only",120,100.00000,42.13729,86.21776,1.00000,0.12576
0.9,case_14.json,"EA only",120,100.00000,55.44200,83.95138,0.65684,0.12576
0.9,case_14.json,"ETA-HP (TA+EA)",120,100.00000,55.06263,83.88897,0.65684,0.12576
0.9,case_15.json,"none (no TA, no EA)",120,100.00000,44.32249,88.80400,1.00000,0.13834
0.9,case_15.json,"TA only",120,100.00000,43.34706,87.12455,1.00000,0.13834
0.9,case_15.json,"EA only",120,100.00000,53.44830,88.80400,0.69944,0.13834
0.9,case_15.json,"ETA-HP (TA+EA)",120,100.00000,51.78346,87.12455,0.69944,0.13834
0.9,case_16.json,"none (no TA, no EA)",120,100.00000,49.57654,92.02112,1.00000,0.12576
0.9,case_16.json,"TA only",120,100.00000,48.07328,88.92739,1.00000,0.12576
0.9,case_16.json,"EA only",120,100.00000,53.97966,87.52512,0.79169,0.12576
0.9,case_16.json,"ETA-HP (TA+EA)",120,100.00000,52.02066,87.52512,0.79169,0.12576
0.9,case_17.json,"none (no TA, no EA)",120,100.00000,43.87695,84.43469,1.00000,0.12576
0.9,case_17.json,"TA only",120,100.00000,43.65949,84.41636,1.00000,0.12576
0.9,case_17.json,"EA only",120,100.00000,56.68061,84.41636,0.64845,0.12576
0.9,case_17.json,"ETA-HP (TA+EA)",120,100.00000,56.06550,84.41636,0.64845,0.12576
0.9,case_18.json,"none (no TA, no EA)",120,100.00000,42.97111,91.04961,1.00000,0.13834
0.9,case_18.json,"TA only",120,100.00000,41.93711,91.58578,1.00000,0.13834
0.9,case_18.json,"EA only",120,100.00000,50.93079,91.04961,0.66620,0.13834
0.9,case_18.json,"ETA-HP (TA+EA)",120,100.00000,49.91656,91.58578,0.66620,0.13834
0.9,case_19.json,"none (no TA, no EA)",120,100.00000,42.14257,92.92301,1.00000,0.12576
0.9,case_19.json,"TA only",120,100.00000,42.36266,92.92301,1.00000,0.12576
0.9,case_19.json,"EA only",120,100.00000,50.96192,92.92301,0.67579,0.12576
0.9,case_19.json,"ETA-HP (TA+EA)",120,100.00000,50.98999,92.92301,0.67579,0.12576
0.9,case_20.json,"none (no TA, no EA)",120,100.00000,37.98093,85.79254,1.00000,0.12576
0.9,case_20.json,"TA only",120,100.00000,37.48681,83.99856,1.00000,0.12576
0.9,case_20.json,"EA only",120,100.00000,55.29825,83.81779,0.51789,0.12576
0.9,case_20.json,"ETA-HP (TA+EA)",120,100.00000,53.72933,83.12728,0.51789,0.12576
0.9,case_21.json,"none (no TA, no EA)",120,100.00000,42.40539,89.94549,1.00000,0.12576
0.9,case_21.json,"TA only",120,100.00000,42.41349,89.94549,1.00000,0.12576
0.9,case_21.json,"EA only",120,100.00000,53.14263,84.51337,0.66602,0.12576
0.9,case_21.json,"ETA-HP (TA+EA)",120,100.00000,53.42701,84.51337,0.66602,0.12576
0.9,case_22.json,"none (no TA, no EA)",120,100.00000,46.09530,95.51341,1.00000,0.12576
0.9,case_22.json,"TA only",120,100.00000,44.03717,92.40659,1.00000,0.12576
0.9,case_22.json,"EA only",120,100.00000,51.85741,92.28356,0.78198,0.12576
0.9,case_22.json,"ETA-HP (TA+EA)",120,100.00000,49.05105,90.87951,0.78198,0.12576
0.9,case_23.json,"none (no TA, no EA)",120,100.00000,42.48563,86.90033,1.00000,0.13834
0.9,case_23.json,"TA only",120,100.00000,42.70872,86.69865,1.00000,0.13834
0.9,case_23.json,"EA only",120,100.00000,49.42907,86.90033,0.66712,0.13834
0.9,case_23.json,"ETA-HP (TA+EA)",120,100.00000,49.70353,86.69865,0.66712,0.13834
0.9,case_24.json,"none (no TA, no EA)",120,100.00000,39.22539,88.88716,1.00000,0.12576
0.9,case_24.json,"TA only",120,100.00000,38.72096,88.55665,1.00000,0.12576
0.9,case_24.json,"EA only",120,100.00000,51.40252,85.58809,0.59175,0.12576
0.9,case_24.json,"ETA-HP (TA+EA)",120,100.00000,50.58243,85.61922,0.59175,0.12576
0.9,case_25.json,"none (no TA, no EA)",120,100.00000,40.78887,83.82840,1.00000,0.13205
0.9,case_25.json,"TA only",120,100.00000,40.97983,83.29217,1.00000,0.13205
0.9,case_25.json,"EA only",120,100.00000,49.86158,79.06377,0.65019,0.13834
0.9,case_25.json,"ETA-HP (TA+EA)",120,100.00000,50.50162,78.99688,0.65019,0.13834
0.9,case_26.json,"none (no TA, no EA)",120,100.00000,41.90577,94.31287,1.00000,0.12576
0.9,case_26.json,"TA only",120,100.00000,40.56834,92.97209,1.00000,0.12576
0.9,case_26.json,"EA only",120,100.00000,54.06339,87.52456,0.61878,0.12576
0.9,case_26.json,"ETA-HP (TA+EA)",120,100.00000,52.01097,87.49550,0.61878,0.12576
0.9,case_27.json,"none (no TA, no EA)",120,100.00000,36.36690,84.07211,1.00000,0.12576
0.9,case_27.json,"TA only",120,100.00000,36.37162,84.07211,1.00000,0.12576
0.9,case_27.json,"EA only",120,100.00000,47.32241,79.49597,0.57089,0.12576
0.9,case_27.json,"ETA-HP (TA+EA)",120,100.00000,47.27799,79.68380,0.57089,0.12576
0.9,case_28.json,"none (no TA, no EA)",120,100.00000,43.53255,86.78266,1.00000,0.12576
0.9,case_28.json,"TA only",120,100.00000,43.51368,86.48790,1.00000,0.12576
0.9,case_28.json,"EA only",120,100.00000,47.96402,86.78266,0.77153,0.12576
0.9,case_28.json,"ETA-HP (TA+EA)",120,100.00000,48.72466,86.48790,0.77153,0.12576
0.9,case_29.json,"none (no TA, no EA)",120,100.00000,45.42246,89.02833,1.00000,0.15091
0.9,case_29.json,"TA only",120,100.00000,45.16719,89.02833,1.00000,0.15091
0.9,case_29.json,"EA only",120,100.00000,54.53685,89.02833,0.73714,0.15091
0.9,case_29.json,"ETA-HP (TA+EA)",120,100.00000,53.36332,89.02833,0.73714,0.15091
0.9,case_30.json,"none (no TA, no EA)",120,100.00000,39.43895,89.64351,1.00000,0.12576
0.9,case_30.json,"TA only",120,100.00000,39.33328,85.15508,1.00000,0.12576
0.9,case_30.json,"EA only",120,100.00000,53.01027,86.98235,0.65265,0.12576
0.9,case_30.json,"ETA-HP (TA+EA)",120,100.00000,52.24610,86.12342,0.65265,0.12576
0.9,case_31.json,"none (no TA, no EA)",120,100.00000,40.75597,84.72279,1.00000,0.12576
0.9,case_31.json,"TA only",120,100.00000,40.16012,83.60296,1.00000,0.12576
0.9,case_31.json,"EA only",120,100.00000,51.67399,83.65959,0.66868,0.12576
0.9,case_31.json,"ETA-HP (TA+EA)",120,100.00000,50.47149,83.60296,0.66868,0.12576
0.9,case_32.json,"none (no TA, no EA)",120,100.00000,35.94102,84.87040,1.00000,0.12576
0.9,case_32.json,"TA only",120,100.00000,35.75351,82.64824,1.00000,0.12576
0.9,case_32.json,"EA only",120,100.00000,50.73909,78.19607,0.48826,0.12576
0.9,case_32.json,"ETA-HP (TA+EA)",120,100.00000,49.98699,78.19607,0.48826,0.12576
0.9,case_33.json,"none (no TA, no EA)",120,100.00000,40.48560,89.67223,1.00000,0.12576
0.9,case_33.json,"TA only",120,100.00000,40.16906,88.45144,1.00000,0.12576
0.9,case_33.json,"EA only",120,100.00000,47.89740,89.67223,0.66877,0.12576
0.9,case_33.json,"ETA-HP (TA+EA)",120,100.00000,47.16579,88.45144,0.66877,0.12576
0.9,case_34.json,"none (no TA, no EA)",120,100.00000,39.66750,93.04140,1.00000,0.12576
0.9,case_34.json,"TA only",120,100.00000,39.29810,90.10857,1.00000,0.12576
0.9,case_34.json,"EA only",120,100.00000,46.19284,90.57647,0.63884,0.12576
0.9,case_34.json,"ETA-HP (TA+EA)",120,100.00000,46.25672,89.72747,0.63884,0.12576
0.9,case_35.json,"none (no TA, no EA)",120,100.00000,37.60048,83.13363,1.00000,0.13205
0.9,case_35.json,"TA only",120,100.00000,37.99064,82.70691,1.00000,0.13205
0.9,case_35.json,"EA only",120,100.00000,46.46765,83.13363,0.58195,0.13834
0.9,case_35.json,"ETA-HP (TA+EA)",120,100.00000,46.77077,82.70691,0.58195,0.13834
0.9,case_36.json,"none (no TA, no EA)",120,100.00000,38.78119,84.77019,1.00000,0.12576
0.9,case_36.json,"TA only",120,100.00000,38.60189,83.95185,1.00000,0.12576
0.9,case_36.json,"EA only",120,100.00000,50.83758,84.19293,0.55167,0.12576
0.9,case_36.json,"ETA-HP (TA+EA)",120,100.00000,50.92247,83.95185,0.55167,0.12576
0.9,case_37.json,"none (no TA, no EA)",120,100.00000,45.66739,88.00553,1.00000,0.12576
0.9,case_37.json,"TA only",120,100.00000,45.69869,84.82736,1.00000,0.12576
0.9,case_37.json,"EA only",120,100.00000,56.82515,82.92584,0.70834,0.12576
0.9,case_37.json,"ETA-HP (TA+EA)",120,100.00000,56.96176,82.11705,0.70834,0.12576
0.9,case_38.json,"none (no TA, no EA)",120,100.00000,39.48381,91.73174,1.00000,0.12576
0.9,case_38.json,"TA only",120,100.00000,39.29552,89.56336,1.00000,0.12576
0.9,case_38.json,"EA only",120,100.00000,52.44848,86.85964,0.62695,0.12576
0.9,case_38.json,"ETA-HP (TA+EA)",120,100.00000,52.00469,87.07384,0.62695,0.12576
0.9,case_39.json,"none (no TA, no EA)",120,100.00000,35.11070,82.94064,1.00000,0.12576
0.9,case_39.json,"TA only",120,100.00000,35.24999,82.90137,1.00000,0.12576
0.9,case_39.json,"EA only",120,100.00000,47.86697,78.29597,0.53421,0.12576
0.9,case_39.json,"ETA-HP (TA+EA)",120,100.00000,48.38499,78.29597,0.53421,0.12576
0.9,case_40.json,"none (no TA, no EA)",120,100.00000,39.30600,91.33934,1.00000,0.12576
0.9,case_40.json,"TA only",120,100.00000,40.02598,90.72153,1.00000,0.12576
0.9,case_40.json,"EA only",120,100.00000,49.65008,91.33934,0.62752,0.12576
0.9,case_40.json,"ETA-HP (TA+EA)",120,100.00000,49.78095,90.72153,0.62752,0.12576
0.9,case_41.json,"none (no TA, no EA)",120,100.00000,39.84458,87.44609,1.00000,0.12576
0.9,case_41.json,"TA only",120,100.00000,39.69201,85.91666,1.00000,0.12576
0.9,case_41.json,"EA only",120,100.00000,48.49440,82.35741,0.61864,0.12576
0.9,case_41.json,"ETA-HP (TA+EA)",120,100.00000,48.24871,82.35741,0.61864,0.12576
0.9,case_42.json,"none (no TA, no EA)",120,100.00000,42.08716,92.40458,1.00000,0.12576
0.9,case_42.json,"TA only",120,100.00000,41.47266,89.75632,1.00000,0.12576
0.9,case_42.json,"EA only",120,100.00000,49.33275,89.06030,0.71803,0.12576
0.9,case_42.json,"ETA-HP (TA+EA)",120,100.00000,48.65491,86.88511,0.71803,0.12576
0.9,case_43.json,"none (no TA, no EA)",120,100.00000,38.55746,87.30946,1.00000,0.12576
0.9,case_43.json,"TA only",120,100.00000,39.38748,86.60664,1.00000,0.12576
0.9,case_43.json,"EA only",120,100.00000,55.54017,87.30946,0.52128,0.12576
0.9,case_43.json,"ETA-HP (TA+EA)",120,100.00000,56.10147,86.60664,0.52128,0.12576
0.9,case_44.json,"none (no TA, no EA)",120,100.00000,47.10771,88.41996,1.00000,0.15091
0.9,case_44.json,"TA only",120,100.00000,47.03020,89.79165,1.00000,0.15091
0.9,case_44.json,"EA only",120,100.00000,53.72749,88.41996,0.72522,0.15091
0.9,case_44.json,"ETA-HP (TA+EA)",120,100.00000,53.47286,89.79165,0.72522,0.15091
0.9,case_45.json,"none (no TA, no EA)",120,100.00000,49.44237,89.28384,1.00000,0.12576
0.9,case_45.json,"TA only",120,100.00000,46.56999,89.89170,1.00000,0.12576
0.9,case_45.json,"EA only",120,100.00000,53.57854,89.28384,0.85945,0.12576
0.9,case_45.json,"ETA-HP (TA+EA)",120,100.00000,50.68117,89.89170,0.85945,0.12576
0.9,case_46.json,"none (no TA, no EA)",120,100.00000,41.18181,84.65520,1.00000,0.12576
0.9,case_46.json,"TA only",120,100.00000,41.25086,83.32152,1.00000,0.12576
0.9,case_46.json,"EA only",120,100.00000,50.51236,84.65520,0.72719,0.12576
0.9,case_46.json,"ETA-HP (TA+EA)",120,100.00000,51.02907,82.93697,0.72719,0.12576
0.9,case_47.json,"none (no TA, no EA)",120,100.00000,37.15037,83.60804,1.00000,0.12576
0.9,case_47.json,"TA only",120,100.00000,36.77839,82.80591,1.00000,0.12576
0.9,case_47.json,"EA only",120,100.00000,44.26455,83.60804,0.65150,0.12576
0.9,case_47.json,"ETA-HP (TA+EA)",120,100.00000,43.74813,82.80591,0.65150,0.12576
0.9,case_48.json,"none (no TA, no EA)",120,100.00000,38.65998,91.72532,1.00000,0.12576
0.9,case_48.json,"TA only",120,100.00000,37.85860,90.53563,1.00000,0.12576
0.9,case_48.json,"EA only",120,100.00000,52.28535,84.75232,0.56496,0.12576
0.9,case_48.json,"ETA-HP (TA+EA)",120,100.00000,50.60984,84.28354,0.56496,0.12576
0.9,case_49.json,"none (no TA, no EA)",120,100.00000,38.66507,91.65565,1.00000,0.12576
0.9,case_49.json,"TA only",120,100.00000,38.24714,89.00866,1.00000,0.12576
0.9,case_49.json,"EA only",120,100.00000,47.77577,84.75242,0.60750,0.12576
0.9,case_49.json,"ETA-HP (TA+EA)",120,100.00000,46.59356,84.51592,0.60750,0.12576
1,case_00.json,"none (no TA, no EA)",120,100.00000,47.86224,86.09161,1.00000,0.12576
1,case_00.json,"TA only",120,100.00000,46.86130,84.72842,1.00000,0.12576
1,case_00.json,"EA only",120,100.00000,59.07370,84.66938,0.72675,0.12576
1,case_00.json,"ETA-HP (TA+EA)",120,100.00000,58.15716,84.72842,0.72675,0.12576
1,case_01.json,"none (no TA, no EA)",120,100.00000,48.27657,93.87069,1.00000,0.15091
1,case_01.json,"TA only",120,100.00000,47.27953,94.70112,1.00000,0.15091
1,case_01.json,"EA only",120,100.00000,54.88511,93.87069,0.75178,0.15091
1,case_01.json,"ETA-HP (TA+EA)",120,100.00000,54.13074,94.70112,0.75178,0.15091
1,case_02.json,"none (no TA, no EA)",120,100.00000,52.87532,89.70884,1.00000,0.15091
1,case_02.json,"TA only",120,100.00000,51.36704,90.23163,1.00000,0.15091
1,case_02.json,"EA only",120,100.00000,61.50929,89.70884,0.75676,0.15091
1,case_02.json,"ETA-HP (TA+EA)",120,100.00000,59.83594,90.23163,0.75676,0.15091
1,case_03.json,"none (no TA, no EA)",120,100.00000,45.02172,90.75504,1.00000,0.12576
1,case_03.json,"TA only",120,100.00000,44.27780,90.75504,1.00000,0.12576
1,case_03.json,"EA only",120,100.00000,49.34822,90.75504,0.76783,0.12576
1,case_03.json,"ETA-HP (TA+EA)",120,100.00000,48.77850,90.75504,0.76783,0.12576
1,case_04.json,"none (no TA, no EA)",120,100.00000,48.29866,85.95957,1.00000,0.12576
1,case_04.json,"TA only",120,100.00000,48.20531,85.80238,1.00000,0.12576
1,case_04.json,"EA only",120,100.00000,57.13876,83.90656,0.75371,0.12576
1,case_04.json,"ETA-HP (TA+EA)",120,100.00000,57.18342,83.90656,0.75371,0.12576
1,case_05.json,"none (no TA, no EA)",120,100.00000,53.01237,87.02348,1.00000,0.15091
1,case_05.json,"TA only",120,100.00000,53.11978,87.02348,1.00000,0.15091
1,case_05.json,"EA only",120,100.00000,59.67084,87.02348,0.81092,0.15091
1,case_05.json,"ETA-HP (TA+EA)",120,100.00000,59.77246,87.02348,0.81092,0.15091
1,case_06.json,"none (no TA, no EA)",120,100.00000,46.62989,94.10827,1.00000,0.12576
1,case_06.json,"TA only",120,100.00000,46.41291,90.23764,1.00000,0.12576
1,case_06.json,"EA only",120,100.00000,53.72080,88.11952,0.77704,0.12576
1,case_06.json,"ETA-HP (TA+EA)",120,100.00000,53.21763,87.93123,0.77704,0.12576
1,case_07.json,"none (no TA, no EA)",120,100.00000,52.36325,89.72026,1.00000,0.13834
1,case_07.json,"TA only",120,100.00000,52.08553,89.29545,1.00000,0.13834
1,case_07.json,"EA only",120,100.00000,55.91547,89.72026,0.85328,0.13834
1,case_07.json,"ETA-HP (TA+EA)",120,100.00000,55.20648,89.29545,0.85328,0.13834
1,case_08.json,"none (no TA, no EA)",120,100.00000,49.33183,87.36119,1.00000,0.13834
1,case_08.json,"TA only",120,100.00000,49.14134,87.28570,1.00000,0.13834
1,case_08.json,"EA only",120,100.00000,58.45296,87.36119,0.72675,0.13834
1,case_08.json,"ETA-HP (TA+EA)",120,100.00000,58.32360,87.28570,0.72675,0.13834
1,case_09.json,"none (no TA, no EA)",120,100.00000,52.00707,89.02643,1.00000,0.12576
1,case_09.json,"TA only",120,100.00000,50.87196,86.91536,1.00000,0.12576
1,case_09.json,"EA only",120,100.00000,59.38605,86.91536,0.80837,0.12576
1,case_09.json,"ETA-HP (TA+EA)",120,100.00000,57.89996,86.91536,0.80837,0.12576
1,case_10.json,"none (no TA, no EA)",120,100.00000,61.55365,96.10863,1.00000,0.15930
1,case_10.json,"TA only",120,100.00000,60.24227,96.39865,1.00000,0.15930
1,case_10.json,"EA only",120,100.00000,63.04652,96.10863,0.91315,0.15930
1,case_10.json,"ETA-HP (TA+EA)",120,100.00000,61.81669,96.39865,0.91315,0.15930
1,case_11.json,"none (no TA, no EA)",120,100.00000,52.50736,85.55062,1.00000,0.14462
1,case_11.json,"TA only",120,100.00000,52.47554,85.47388,1.00000,0.14462
1,case_11.json,"EA only",120,100.00000,61.09846,85.55062,0.76450,0.15091
1,case_11.json,"ETA-HP (TA+EA)",120,100.00000,60.68526,85.47388,0.76450,0.15091
1,case_12.json,"none (no TA, no EA)",120,100.00000,50.95899,90.90280,1.00000,0.12576
1,case_12.json,"TA only",120,100.00000,50.83817,90.49629,1.00000,0.12576
1,case_12.json,"EA only",120,100.00000,61.95831,89.96063,0.76037,0.12576
1,case_12.json,"ETA-HP (TA+EA)",120,100.00000,61.47645,89.96063,0.76037,0.12576
1,case_13.json,"none (no TA, no EA)",120,100.00000,40.41052,79.65450,1.00000,0.12576
1,case_13.json,"TA only",120,100.00000,41.33131,80.95263,1.00000,0.12576
1,case_13.json,"EA only",120,100.00000,50.28578,78.61350,0.65597,0.12576
1,case_13.json,"ETA-HP (TA+EA)",120,100.00000,51.60708,77.37940,0.65597,0.12576
1,case_14.json,"none (no TA, no EA)",120,100.00000,50.59454,84.67629,1.00000,0.12576
1,case_14.json,"TA only",120,100.00000,50.77549,82.64706,1.00000,0.12576
1,case_14.json,"EA only",120,100.00000,57.81649,84.67629,0.79631,0.12576
1,case_14.json,"ETA-HP (TA+EA)",120,100.00000,58.22818,82.64706,0.79631,0.12576
1,case_15.json,"none (no TA, no EA)",120,100.00000,44.32217,87.78920,1.00000,0.12576
1,case_15.json,"TA only",120,100.00000,44.17076,86.77542,1.00000,0.12576
1,case_15.json,"EA only",120,100.00000,53.76423,86.77542,0.68195,0.12576
1,case_15.json,"ETA-HP (TA+EA)",120,100.00000,53.44563,86.77542,0.68195,0.12576
1,case_16.json,"none (no TA, no EA)",120,100.00000,51.84421,87.39013,1.00000,0.12576
1,case_16.json,"TA only",120,100.00000,51.33093,87.12301,1.00000,0.12576
1,case_16.json,"EA only",120,100.00000,60.17076,86.55544,0.79502,0.12576
1,case_16.json,"ETA-HP (TA+EA)",120,100.00000,59.68432,86.66046,0.79502,0.12576
1,case_17.json,"none (no TA, no EA)",120,100.00000,42.47287,88.66017,1.00000,0.13834
1,case_17.json,"TA only",120,100.00000,41.57115,89.37539,1.00000,0.13834
1,case_17.json,"EA only",120,100.00000,51.55344,88.66017,0.64093,0.13834
1,case_17.json,"ETA-HP (TA+EA)",120,100.00000,50.17749,89.37539,0.64093,0.13834
1,case_18.json,"none (no TA, no EA)",120,100.00000,46.15070,88.60039,1.00000,0.12576
1,case_18.json,"TA only",120,100.00000,45.08328,87.13224,1.00000,0.12576
1,case_18.json,"EA only",120,100.00000,62.87492,83.53955,0.66213,0.12576
1,case_18.json,"ETA-HP (TA+EA)",120,100.00000,60.83076,83.13705,0.66213,0.12576
1,case_19.json,"none (no TA, no EA)",120,100.00000,49.90402,90.71526,1.00000,0.13834
1,case_19.json,"TA only",120,100.00000,48.01533,89.40224,1.00000,0.13834
1,case_19.json,"EA only",120,100.00000,59.09979,86.56547,0.76766,0.13834
1,case_19.json,"ETA-HP (TA+EA)",120,100.00000,56.63552,86.96266,0.76766,0.13834
1,case_20.json,"none (no TA, no EA)",120,100.00000,48.36957,89.00664,1.00000,0.12576
1,case_20.json,"TA only",120,100.00000,47.82073,89.00664,1.00000,0.12576
1,case_20.json,"EA only",120,100.00000,52.76133,89.00664,0.82114,0.12576
1,case_20.json,"ETA-HP (TA+EA)",120,100.00000,52.21612,89.00664,0.82114,0.12576
1,case_21.json,"none (no TA, no EA)",120,100.00000,52.00326,91.77854,1.00000,0.14672
1,case_21.json,"TA only",120,100.00000,50.93750,90.90072,1.00000,0.14672
1,case_21.json,"EA only",120,100.00000,62.38091,90.55030,0.75092,0.14672
1,case_21.json,"ETA-HP (TA+EA)",120,100.00000,60.59542,90.90072,0.75092,0.14672
1,case_22.json,"none (no TA, no EA)",120,100.00000,53.70301,91.01662,1.00000,0.13834
1,case_22.json,"TA only",120,100.00000,53.60017,91.01662,1.00000,0.13834
1,case_22.json,"EA only",120,100.00000,65.91371,91.01662,0.72568,0.15091
1,case_22.json,"ETA-HP (TA+EA)",120,100.00000,66.09757,91.01662,0.72568,0.15091
1,case_23.json,"none (no TA, no EA)",120,100.00000,45.67809,85.20467,1.00000,0.14462
1,case_23.json,"TA only",120,100.00000,45.90306,84.16284,1.00000,0.14462
1,case_23.json,"EA only",120,100.00000,53.60014,83.85837,0.72098,0.15091
1,case_23.json,"ETA-HP (TA+EA)",120,100.00000,53.67689,83.57946,0.72098,0.15091
1,case_24.json,"none (no TA, no EA)",120,100.00000,56.18352,91.60461,1.00000,0.14462
1,case_24.json,"TA only",120,100.00000,56.51158,89.63985,1.00000,0.14462
1,case_24.json,"EA only",120,100.00000,60.42141,90.47697,0.85491,0.14462
1,case_24.json,"ETA-HP (TA+EA)",120,100.00000,60.55762,89.63985,0.85491,0.14462
1,case_25.json,"none (no TA, no EA)",120,100.00000,45.89226,88.39294,1.00000,0.13205
1,case_25.json,"TA only",120,100.00000,45.45323,88.40048,1.00000,0.13205
1,case_25.json,"EA only",120,100.00000,58.17110,88.39294,0.67708,0.13834
1,case_25.json,"ETA-HP (TA+EA)",120,100.00000,57.05997,88.40048,0.67708,0.13834
1,case_26.json,"none (no TA, no EA)",120,100.00000,42.35584,86.21224,1.00000,0.12576
1,case_26.json,"TA only",120,100.00000,43.34849,84.56462,1.00000,0.12576
1,case_26.json,"EA only",120,100.00000,51.81408,81.98121,0.74240,0.12576
1,case_26.json,"ETA-HP (TA+EA)",120,100.00000,53.37077,81.76421,0.74240,0.12576
1,case_27.json,"none (no TA, no EA)",120,100.00000,45.31680,91.36247,1.00000,0.13834
1,case_27.json,"TA only",120,100.00000,44.73559,90.46679,1.00000,0.13834
1,case_27.json,"EA only",120,100.00000,55.34495,90.29716,0.67433,0.13834
1,case_27.json,"ETA-HP (TA+EA)",120,100.00000,54.85037,90.46679,0.67433,0.13834
1,case_28.json,"none (no TA, no EA)",120,100.00000,45.69736,89.58784,1.00000,0.12576
1,case_28.json,"TA only",120,100.00000,45.49864,87.36869,1.00000,0.12576
1,case_28.json,"EA only",120,100.00000,57.02651,86.36111,0.75910,0.12576
1,case_28.json,"ETA-HP (TA+EA)",120,100.00000,56.69903,85.51307,0.75910,0.12576
1,case_29.json,"none (no TA, no EA)",120,100.00000,48.38286,83.61452,1.00000,0.14462
1,case_29.json,"TA only",120,100.00000,48.01670,82.88733,1.00000,0.14462
1,case_29.json,"EA only",120,100.00000,53.47159,83.61452,0.76977,0.14462
1,case_29.json,"ETA-HP (TA+EA)",120,100.00000,53.07158,82.88733,0.76977,0.14462
1,case_30.json,"none (no TA, no EA)",120,100.00000,50.21128,92.95098,1.00000,0.13834
1,case_30.json,"TA only",120,100.00000,47.83468,92.92672,1.00000,0.13834
1,case_30.json,"EA only",120,100.00000,60.73669,92.95098,0.70323,0.13834
1,case_30.json,"ETA-HP (TA+EA)",120,100.00000,58.06109,92.92672,0.70323,0.13834
1,case_31.json,"none (no TA, no EA)",120,100.00000,51.59851,87.50366,1.00000,0.15720
1,case_31.json,"TA only",120,100.00000,50.18796,86.77947,1.00000,0.15720
1,case_31.json,"EA only",120,100.00000,59.23556,87.50366,0.78133,0.16349
1,case_31.json,"ETA-HP (TA+EA)",120,100.00000,56.97800,86.77947,0.78133,0.16349
1,case_32.json,"none (no TA, no EA)",120,100.00000,43.20842,87.81502,1.00000,0.13205
1,case_32.json,"TA only",120,100.00000,42.71848,89.48814,1.00000,0.13205
1,case_32.json,"EA only",120,100.00000,58.58526,87.81502,0.58681,0.13834
1,case_32.json,"ETA-HP (TA+EA)",120,100.00000,58.43474,89.48814,0.58681,0.13834
1,case_33.json,"none (no TA, no EA)",120,100.00000,46.20570,86.54474,1.00000,0.13414
1,case_33.json,"TA only",120,100.00000,46.42696,86.73712,1.00000,0.13414
1,case_33.json,"EA only",120,100.00000,54.65966,86.54474,0.72777,0.13414
1,case_33.json,"ETA-HP (TA+EA)",120,100.00000,55.68512,86.73712,0.72777,0.13414
1,case_34.json,"none (no TA, no EA)",120,100.00000,43.29629,91.16951,1.00000,0.12576
1,case_34.json,"TA only",120,100.00000,43.48549,90.35351,1.00000,0.12576
1,case_34.json,"EA only",120,100.00000,53.44627,89.42020,0.72104,0.12576
1,case_34.json,"ETA-HP (TA+EA)",120,100.00000,53.45854,89.06982,0.72104,0.12576
1,case_35.json,"none (no TA, no EA)",120,100.00000,49.05829,89.48040,1.00000,0.14462
1,case_35.json,"TA only",120,100.00000,48.83631,89.66452,1.00000,0.14462
1,case_35.json,"EA only",120,100.00000,59.84659,89.48040,0.70557,0.15091
1,case_35.json,"ETA-HP (TA+EA)",120,100.00000,60.15957,89.66452,0.70557,0.15091
1,case_36.json,"none (no TA, no EA)",120,100.00000,49.17909,90.61621,1.00000,0.14043
1,case_36.json,"TA only",120,100.00000,48.91105,90.45162,1.00000,0.14043
1,case_36.json,"EA only",120,100.00000,53.62118,90.61621,0.79900,0.15091
1,case_36.json,"ETA-HP (TA+EA)",120,100.00000,53.35123,90.45162,0.79900,0.15091
1,case_37.json,"none (no TA, no EA)",120,100.00000,57.02252,87.51876,1.00000,0.15720
1,case_37.json,"TA only",120,100.00000,58.61930,87.51876,1.00000,0.15720
1,case_37.json,"EA only",120,100.00000,59.45748,87.51876,0.89655,0.15720
1,case_37.json,"ETA-HP (TA+EA)",120,100.00000,61.34426,87.51876,0.89655,0.15720
1,case_38.json,"none (no TA, no EA)",120,100.00000,41.78643,87.32818,1.00000,0.12576
1,case_38.json,"TA only",120,100.00000,41.37457,86.74039,1.00000,0.12576
1,case_38.json,"EA only",120,100.00000,54.86272,84.47206,0.62770,0.12576
1,case_38.json,"ETA-HP (TA+EA)",120,100.00000,54.57017,83.52831,0.62770,0.12576
1,case_39.json,"none (no TA, no EA)",120,100.00000,46.83820,93.92445,1.00000,0.12576
1,case_39.json,"TA only",120,100.00000,45.54865,91.85704,1.00000,0.12576
1,case_39.json,"EA only",120,100.00000,59.49466,87.50200,0.67705,0.12576
1,case_39.json,"ETA-HP (TA+EA)",120,100.00000,57.64568,87.53526,0.67705,0.12576
1,case_40.json,"none (no TA, no EA)",120,100.00000,48.09011,92.90700,1.00000,0.13205
1,case_40.json,"TA only",120,100.00000,46.59342,92.18682,1.00000,0.13205
1,case_40.json,"EA only",120,100.00000,54.52002,92.90700,0.76991,0.13205
1,case_40.json,"ETA-HP (TA+EA)",120,100.00000,52.73014,92.18682,0.76991,0.13205
1,case_41.json,"none (no TA, no EA)",120,100.00000,40.78772,84.90734,1.00000,0.12576
1,case_41.json,"TA only",120,100.00000,41.02457,84.83842,1.00000,0.12576
1,case_41.json,"EA only",120,100.00000,50.68923,84.90734,0.67018,0.12576
1,case_41.json,"ETA-HP (TA+EA)",120,100.00000,51.38057,84.83842,0.67018,0.12576
1,case_42.json,"none (no TA, no EA)",120,100.00000,39.34627,85.99107,1.00000,0.12576
1,case_42.json,"TA only",120,100.00000,39.00040,85.16538,1.00000,0.12576
1,case_42.json,"EA only",120,100.00000,52.12534,80.04652,0.55545,0.12576
1,case_42.json,"ETA-HP (TA+EA)",120,100.00000,51.31322,80.02524,0.55545,0.12576
1,case_43.json,"none (no TA, no EA)",120,100.00000,45.03806,87.39186,1.00000,0.12576
1,case_43.json,"TA only",120,100.00000,44.79667,84.16532,1.00000,0.12576
1,case_43.json,"EA only",120,100.00000,56.48332,84.21450,0.69439,0.12576
1,case_43.json,"ETA-HP (TA+EA)",120,100.00000,55.90760,84.16532,0.69439,0.12576
1,case_44.json,"none (no TA, no EA)",120,100.00000,44.91972,83.59615,1.00000,0.12576
1,case_44.json,"TA only",120,100.00000,45.67338,83.48978,1.00000,0.12576
1,case_44.json,"EA only",120,100.00000,52.32251,83.59615,0.73213,0.12576
1,case_44.json,"ETA-HP (TA+EA)",120,100.00000,53.15686,83.48978,0.73213,0.12576
1,case_45.json,"none (no TA, no EA)",120,100.00000,46.42980,88.30481,1.00000,0.12576
1,case_45.json,"TA only",120,100.00000,46.88563,88.30481,1.00000,0.12576
1,case_45.json,"EA only",120,100.00000,51.46046,88.30481,0.75148,0.12576
1,case_45.json,"ETA-HP (TA+EA)",120,100.00000,51.96359,88.30481,0.75148,0.12576
1,case_46.json,"none (no TA, no EA)",120,100.00000,50.99925,89.37406,1.00000,0.12786
1,case_46.json,"TA only",120,100.00000,49.88337,87.32307,1.00000,0.12786
1,case_46.json,"EA only",120,100.00000,60.94340,85.83097,0.72182,0.12995
1,case_46.json,"ETA-HP (TA+EA)",120,100.00000,59.49704,85.81818,0.72182,0.12995
1,case_47.json,"none (no TA, no EA)",120,100.00000,42.43122,85.00739,1.00000,0.12576
1,case_47.json,"TA only",120,100.00000,43.08358,85.00739,1.00000,0.12576
1,case_47.json,"EA only",120,100.00000,56.18383,85.00739,0.68987,0.12576
1,case_47.json,"ETA-HP (TA+EA)",120,100.00000,57.14231,85.00739,0.68987,0.12576
1,case_48.json,"none (no TA, no EA)",120,100.00000,46.53665,88.20008,1.00000,0.12576
1,case_48.json,"TA only",120,100.00000,46.05876,87.38896,1.00000,0.12576
1,case_48.json,"EA only",120,100.00000,56.22361,88.20008,0.70634,0.12576
1,case_48.json,"ETA-HP (TA+EA)",120,100.00000,55.55989,87.38896,0.70634,0.12576
1,case_49.json,"none (no TA, no EA)",120,100.00000,48.98730,92.35645,1.00000,0.12995
1,case_49.json,"TA only",120,100.00000,46.54008,90.95048,1.00000,0.12995
1,case_49.json,"EA only",120,100.00000,60.05163,91.20395,0.70224,0.12995
1,case_49.json,"ETA-HP (TA+EA)",120,100.00000,56.39426,90.95048,0.70224,0.12995
