uf,cases,mode,SRat_%_mean,SRat_%_std,ATOC_C_mean,ATOC_C_std,PeakTemp_C_mean,PeakTemp_C_std,NEC_mean,NEC_std,CSO_us_per_slot_mean,CSO_us_per_slot_std
0.5,50,"none (no TA, no EA)",100.00000,0.00000,29.90487,1.65480,83.73950,3.16505,1.00000,0.00000,0.12576,0.00000
0.5,50,"TA only",100.00000,0.00000,29.80602,1.57660,82.09297,2.57524,1.00000,0.00000,0.12576,0.00000
0.5,50,"EA only",100.00000,0.00000,36.44992,2.17588,77.46890,5.31354,0.41589,0.09109,0.12576,0.00000
0.5,50,"ETA-HP (TA+EA)",100.00000,0.00000,36.15627,2.04038,76.30042,5.09282,0.41589,0.09109,0.12576,0.00000
0.6,50,"none (no TA, no EA)",100.00000,0.00000,32.16945,1.97656,85.50753,2.85854,1.00000,0.00000,0.12492,0.00587
0.6,50,"TA only",100.00000,0.00000,32.02167,1.94656,83.97182,2.99422,1.00000,0.00000,0.12492,0.00587
0.6,50,"EA only",100.00000,0.00000,39.31596,1.74525,80.74633,5.16827,0.49354,0.10182,0.12492,0.00587
0.6,50,"ETA-HP (TA+EA)",100.00000,0.00000,38.95172,1.80182,80.04364,5.19193,0.49354,0.10182,0.12492,0.00587
0.7,50,"none (no TA, no EA)",100.00000,0.00000,34.32030,2.24278,86.91204,3.17363,1.00000,0.00000,0.12576,0.00000
0.7,50,"TA only",100.00000,0.00000,34.11830,2.17274,85.18829,2.83623,1.00000,0.00000,0.12576,0.00000
0.7,50,"EA only",100.00000,0.00000,43.11793,2.26328,83.19199,4.84542,0.52234,0.09069,0.12576,0.00000
0.7,50,"ETA-HP (TA+EA)",100.00000,0.00000,42.69500,2.14134,82.41828,4.63159,0.52234,0.09069,0.12576,0.00000
0.8,50,"none (no TA, no EA)",100.00000,0.00000,37.26440,2.03208,87.44440,2.64903,1.00000,0.00000,0.12576,0.00000
0.8,50,"TA only",100.00000,0.00000,36.91460,1.84181,85.93132,2.46645,1.00000,0.00000,0.12576,0.00000
0.8,50,"EA only",100.00000,0.00000,47.67485,3.19547,84.32430,3.58393,0.58559,0.07864,0.12576,0.00000
0.8,50,"ETA-HP (TA+EA)",100.00000,0.00000,47.06538,2.87597,83.81477,3.36180,0.58559,0.07864,0.12576,0.00000
0.9,50,"none (no TA, no EA)",100.00000,0.00000,41.51764,3.47518,88.20818,3.06939,1.00000,0.00000,0.12899,0.00679
0.9,50,"TA only",100.00000,0.00000,41.15418,3.20806,86.96576,2.98200,1.00000,0.00000,0.12899,0.00679
0.9,50,"EA only",100.00000,0.00000,51.29816,3.00512,85.87844,3.61758,0.65820,0.08343,0.12937,0.00711
0.9,50,"ETA-HP (TA+EA)",100.00000,0.00000,50.74894,2.91198,85.33417,3.58738,0.65820,0.08343,0.12937,0.00711
1,50,"none (no TA, no EA)",100.00000,0.00000,48.03903,4.45061,88.68685,3.13724,1.00000,0.00000,0.13423,0.01016
1,50,"TA only",100.00000,0.00000,47.61532,4.34554,88.05011,3.10117,1.00000,0.00000,0.13423,0.01016
1,50,"EA only",100.00000,0.00000,56.93250,3.85965,87.45309,3.38573,0.73775,0.06927,0.13549,0.01134
1,50,"ETA-HP (TA+EA)",100.00000,0.00000,56.40045,3.57033,87.33190,3.59520,0.73775,0.06927,0.13549,0.01134
